Year;Type.document;Title;Authors;DOI;Journal;Scimago<br/>Engineering;Scimago<br/>Decision<br/>Sciences;Publisher;Conference;Language;Url;H.Factor
2021;ART;Sustainability analysis for the design of distributed energy systems: A multi-objective optimization approach;Juan Fonseca,Jean-Marc Commenge,Mauricio Camargo,Laurent Falk,Iván Gil;10.1016/j.apenergy.2021.116746;applied energy;Q1;NA;Elsevier;NA;en;https://hal.archives-ouvertes.fr/hal-03161645;189
2021;ART;Methodology for Emulsion Design Based on Emulsion Science and Expert Knowledge. Part 2: An Application in the Cosmetics Sector;Juliana Serna,Paulo Narváez Rincón,Véronique Falk,Vincent Boly,Mauricio Camargo;10.1021/acs.iecr.1c00866;industrial and engineering chemistry research;NA;NA;American Chemical Society;NA;en;https://hal.archives-ouvertes.fr/hal-03218909;NA
2021;ART;Design of Formulated Products Integrating Heuristic Knowledge and Consumer Assessment;Javier Arrieta-Escobar,Mauricio Camargo,Laure Morel,Fernando Bernardo,Alvaro Orjuela,Laurent Wendling;10.1002/aic.17117;aiche journal;NA;NA;Wiley;NA;en;https://hal.archives-ouvertes.fr/hal-03087237;NA
2021;ART;A new methodology to support smartness at the district level of metropolitan areas in emerging economies: The case of Santiago de Chile;Francisco Ramirez,Pedro Palominos,Mauricio Camargo,Didier Grimaldi;10.1016/j.scs.2021.102713;sustainable cities and society;Q1;NA;Elsevier;NA;en;https://hal.archives-ouvertes.fr/hal-03119192;43
2021;ART;Developing the persona method to increase the commitment of non-industrial private forest owners in French forest policy priorities;Maxence Arnould,Laure Morel,Meriem Fournier;10.1016/j.forpol.2021.102425;forest policy and economics;NA;NA;Elsevier;NA;en;https://hal.univ-lorraine.fr/hal-03155739;NA
2021;ART;A Methodology for Emulsion Design Based on Emulsion Science and Expert Knowledge. Part 1: Conceptual Approach;Juliana Serna,Paulo Narváez Rincón,Véronique Falk,Vincent Boly,Mauricio Camargo;10.1021/acs.iecr.0c04942;industrial and engineering chemistry research;NA;NA;American Chemical Society;NA;en;https://hal.archives-ouvertes.fr/hal-03147675;NA
2021;ART;Multi-criteria Optimization for the Design and Operation of Distributed Energy Systems Considering Sustainability Dimensions;Juan Fonseca,Jean-Marc Commenge,Mauricio Camargo,Laurent Falk,Iván Gil;10.1016/j.energy.2020.118989;energy;Q1;NA;Elsevier;NA;en;https://hal.archives-ouvertes.fr/hal-02962107;173
2021;COMM;Digital Collaborations for the Common Good: Key Learnings from Four Community Projects;Alejandro Salas,Giovanny Arbelaez Garces,Ferney Osorio,Laurent Dupont;NA;NA;NA;NA;NA;Swiss Design Network Symposium 202. Design as Common GoodFraming Design through Pluralism and Social Values;en;https://hal.univ-lorraine.fr/hal-03186697;NA
2021;COUV;Progressive University Technology Transfer of Innovation Capabilities to SMEs: An Active and Modular Educational Partnership;Mauricio Camargo,Laure Morel,Pascal Lhoste;10.1007/978-3-030-61477-5_11;NA;NA;NA;NA;NA;en;https://hal.archives-ouvertes.fr/hal-03140931;NA
2021;OTHER;Analyse et évaluation du développement territorial durable;Fedoua Kasmi;10.3917/maorg.040.0187;marché et organisations;NA;NA;L'Harmattan;NA;fr;https://hal.univ-lorraine.fr/hal-03186866;NA
2020;ART;3D printing: An emerging opportunity for soil science;Javier Arrieta-Escobar,Delphine Derrien,Stéphanie Ouvrard,Elnaz Asadollahi-Yazdi,Alaa Hassan,Vincent Boly,Anne-Julie Tinet,Marie-France Dignac;10.1016/j.geoderma.2020.114588;geoderma;NA;NA;NA;NA;en;https://hal.univ-lorraine.fr/hal-02917327;NA
2020;ART;Evaluating Innovation and Export Capabilities of SMEs: Toward a Multi-Criteria Decision-Making Methodology;Manon Enjolras,Mauricio Camargo,Christophe Schmitt;NA;journal of technology management and innovation;NA;NA;Universidad Alberto Hurtado;NA;en;https://hal.univ-lorraine.fr/hal-03000609;NA
2020;ART;An Approach Based on Bayesian Network for Improving Project Management Maturity: An Application to Reduce Cost Overrun Risks in Engineering Projects;Felipe Sanchez,Eric Bonjour,Jean-Pierre Micaelli,Davy Monticolo;10.1016/j.compind.2020.103227;computers in industry;Q1;NA;Elsevier;NA;en;https://hal.archives-ouvertes.fr/hal-02940313;93
2020;ART;Plastic recycling in additive manufacturing: a systematic literature review and opportunities for the circular economy;Fabio Cruz Sanchez,Hakim Boudaoud,Mauricio Camargo,Joshua Pearce;10.1016/j.jclepro.2020.121602;journal of cleaner production;Q1;NA;Elsevier;NA;en;https://hal.archives-ouvertes.fr/hal-02560191;173
2020;ART;Analysis and Improvement of an Innovative Solution Through Risk Reduction: Application to Home Care for the Elderly;Linda Acosta Salgado,Auguste Rakotondranaivo,Eric Bonjour;10.25046/aj050321;advances in science, technology and engineering systems journal;NA;NA;Advances in Science Technology and Engineering Systems Journal (ASTESJ);NA;en;https://hal.archives-ouvertes.fr/hal-02568984;NA
2020;ART;Sustainable risk management strategy selection using a fuzzy multi-criteria decision approach;Abla Mimi Edjossan-Sossou,Daniel Galvez,Olivier Deck,Marwan Al Heib,Thierry Verdel,Laurent Dupont,Olivier Chery,Mauricio Camargo,Laure Morel;10.1016/j.ijdrr.2020.101474;international journal of disaster risk reduction;NA;NA;Elsevier;NA;en;https://hal.archives-ouvertes.fr/hal-02446563;NA
2020;ART;Digitalization and SMEs’ Export Management: Impacts on Resources and Capabilities;Benjamin Dethine,Manon Enjolras,Davy Monticolo;10.22215/timreview/1344;technology innovation management review;NA;NA;Talent First Network;NA;en;https://hal.archives-ouvertes.fr/hal-02564895;NA
2020;ART;How do Institutions Promote Digital Marketing in Small and Medium International Companies: Comparison between Costa Rica and France;Karen Victoria Herrera Carpio,Susan Arce,Manon Enjolras,Mauricio Camargo;10.22215/timreview/1347;technology innovation management review;NA;NA;Talent First Network;NA;en;https://hal.archives-ouvertes.fr/hal-02564902;NA
2020;ART;Mechanical Properties of Direct Waste Printing of Polylactic Acid with Universal Pellets Extruder: Comparison to Fused Filament Fabrication on Open-Source Desktop Three-Dimensional Printers;Arthur Alexandre,Fabio Cruz Sanchez,Hakim Boudaoud,Mauricio Camargo,Joshua Pearce;10.1089/3dp.2019.0195;3d printing and additive manufacturing;Q1;NA;Mary Ann Liebert Inc.;NA;en;https://hal.archives-ouvertes.fr/hal-02560198;21
2020;ART;Challenges and trends in the valuation of ecosystem services in agro-ecosystems: a systematic revision;Vadimir Melgarejo-Carreno,Sandra Cecilia Bautista Rodríguez,Mauricio Camargo;NA;tropical and subtropical agroecosystems;NA;NA;NA;NA;en;https://hal.archives-ouvertes.fr/hal-02560166;NA
2020;ART;Closed loop supply chain network for local and distributed plastic recycling for 3D printing: a MILP-based optimization approach;Pavlo Santander,Fabio Cruz Sanchez,Hakim Boudaoud,Mauricio Camargo;10.1016/j.resconrec.2019.104531;resources, conservation and recycling;NA;NA;Elsevier;NA;en;https://hal.archives-ouvertes.fr/hal-02398793;NA
2020;ART;Industrial Symbiosis and Territorial Development: The Cross-Fertilization of Proximity Dynamics and the Role of Information and Knowledge Flows;Fedoua Kasmi;10.1007/s13132-020-00631-7;journal of the knowledge economy;NA;NA;Springer;NA;en;https://hal.archives-ouvertes.fr/hal-02540404;NA
2020;ART;Collaborative spaces promoting creativity and innovation;Sophie Boutillier,Ignasi Capdevila,Laurent Dupont,Laure Morel;10.3917/jie.031.0001;journal of innovation economics & management;NA;NA;De Boeck Supérieur;NA;en;https://hal.archives-ouvertes.fr/hal-02878132;NA
2020;ART;Espaces et nouvelles formes d’organisation du travail créatif;Sophie Boutillier,Ignasi Capdevila,Laurent Dupont,Laure Morel;10.3917/inno.061.0005;innovations - revue d’économie et de management de l'innovation;NA;NA;De Boeck Supérieur;NA;fr;https://hal.archives-ouvertes.fr/hal-02446557;NA
2020;ART;Shaping a Public Innovation Laboratory in Bogota: Learning through Time\, Space and Stakeholders;Ferney Osorio,Laurent Dupont,Mauricio Camargo,Carlos Sandoval,José Ismael Peña;10.3917/jie.pr1.0066;journal of innovation economics & management;NA;NA;De Boeck Supérieur;NA;en;https://hal.archives-ouvertes.fr/hal-02453808;NA
2020;ART;Towards smart and suitable management of roadsides: System dynamics in the era of industry 4.0;Sandra Baustista Rodriguez,Brunelle Marche,Fatima Ezzahra Hamdani,Mauricio Camargo,Frédérique Mayer,Davy Monticolo,Christophe Bachmann;10.1016/j.susoc.2020.12.001;sustainable operations and computers;NA;NA;Elsevier;NA;en;https://hal.archives-ouvertes.fr/hal-03119204;NA
2020;ART;Characterization of Best Practices for Customer/Supplier Collaboration in Co-innovation Projects;Carlos Abraham Moya,Vincent Boly,Laure Morel,Daniel Galvez,Mauricio Camargo;10.4067/S0718-27242020000400005;journal of technology management and innovation;NA;NA;Universidad Alberto Hurtado;NA;en;https://hal.archives-ouvertes.fr/hal-03134714;NA
2020;ART;Towards an improved acceptability assessment model of innovative solutions in the design phase;Linda Acosta Salgado,Auguste Rakotondranaivo,Eric Bonjour;10.1504/IJBIS.2020.10029802;international journal of business information systems;NA;Q2;Inderscience;NA;en;https://hal.archives-ouvertes.fr/hal-02845177;24
2020;ART;Innovation et agilité - identification de stratégies de déploiement pour le développement des PME;Laurent Muller,Carlos Moya,Mauricio Carmago,Stéphane Gouttes;10.3917/proj.026.0037;projectics / proyéctica / projectique;NA;NA;De Boeck Supérieur;NA;fr;https://hal.archives-ouvertes.fr/hal-03085821;NA
2020;ART;Chemical product design integrating MCDA : Performance prediction and human preferences modelling;Oscar Yesid Suárez Palacios,Paulo César Narváez Rincón,Mauricio Camargo,Jean-Pierre Corriou,Christian Fonteix;10.1002/cjce.23956;the canadian journal of chemical engineering;NA;NA;NA;NA;en;https://hal.archives-ouvertes.fr/hal-03033524;NA
2020;COMM;Reconfiguraciones críticas : Implicaciones de ser usuario o recurso en prácticas de diseño centrado en el usuario,Critical reconfigurations: Implications of being a user or resource in user-centered design practices;Alejandro Salas,Giovanny Arbelaez Garces;NA;NA;NA;NA;NA;3er Coloquio Nacional de Estudios Sociales de las Ciencias y la Tecnologías: Frente a los retos de la democracia en el siglo XXI;es;https://hal.univ-lorraine.fr/hal-03114693;NA
2020;COMM;Safety assessment of scenarios for the simulation-based validation process of AV with regards to its functional insufficiencies;Tchoya Florence Koné,Eric Bonjour,Eric Levrat,Frédérique Mayer,Stéphane Géronimi;NA;NA;NA;NA;NA;30th European Safety and Reliability Conference and 15th Probabilitic Safety Assessment and Management Conference, ESREL 2020 PSAM 15;en;https://hal.archives-ouvertes.fr/hal-02984932;NA
2020;COMM;Gestion informatisée des lits : état des lieux et analyse a priori des impacts multicritères;Auguste Rakotondranaivo,Sophie Pottier;NA;NA;NA;NA;NA;10ème conférence Francophone en Gestion et Ingénierie des Systèmes Hospitaliers, GISEH2020;fr;https://hal-uphf.archives-ouvertes.fr/hal-03198921;NA
2020;COMM;Gestion informatisée des lits : état des lieux et analyse a priori des impacts multicritères;Auguste Rakotondranaivo,Sophie Pottier;NA;NA;NA;NA;NA;10ème conférence Francophone en Gestion et Ingénierie des Systèmes Hospitaliers, GISEH2020;fr;https://hal-uphf.archives-ouvertes.fr/hal-03198939;NA
2020;COMM;Design Thinking to Enhance Requirements Analysis in Systems Engineering;J. Batista,A. Hassan,E. Bonjour;10.1017/dsd.2020.257;NA;NA;NA;NA;DESIGN 2020;en;https://hal.archives-ouvertes.fr/hal-02942122;NA
2020;COMM;Gestion informatisée des lits : état des lieux et analyse a priori des impacts multicritères.;Auguste Rakotondranaivo,Sophie Pottier;NA;NA;NA;NA;NA;10ème conférence francophone en Gestion et Ingénierie des Systèmes Hospitaliers;fr;https://hal.univ-lorraine.fr/hal-03005576;NA
2020;COMM;A Biocompatible 3-D printable Cellulose-based Material for Soil Science Research;Javier Arrieta-Escobar,Nicolas Valette,Apolline Auclerc,Delphine Derrien,S. Ouvrard,Alaa Hassan,Vincent Boly,Véronique Falk,Marie-France Dignac;NA;NA;NA;NA;NA;5th International Conference on Bioinspired and Biobased Chemistry and Materials;en;https://hal.univ-lorraine.fr/hal-03030804;NA
2020;COMM;Decision support tool for the food supply chain to prevent undernutrition in the elderly at home;Auguste Rakotondranaivo,Christine Miro,Sarah Ferhah,Nathalie Rouyer;NA;NA;NA;NA;NA;SHeIC 2020 : Smart Health International Conference;en;https://hal.univ-lorraine.fr/hal-03005570;NA
2020;COMM;A contingency approach of the SMEs internationalization practices: A case study in the United States;Benoît Gaussin,Manon Enjolras,Vincent Boly;NA;NA;NA;NA;NA;International Conference on Management of Technology (IAMOT);en;https://hal.univ-lorraine.fr/hal-03042965;NA
2020;COMM;The challenge of SMEs’ Export: The case of Argentine wine companies;Soledad Gili,Manon Enjolras,Mauricio Camargo;NA;NA;NA;NA;NA;International Conference on Management of Technology (IAMOT);en;https://hal.univ-lorraine.fr/hal-03042960;NA
2020;COMM;Current Approaches on Chemical Product Design: A Study of Opportunities Identification for Integrated Methodologies;Javier Arrieta-Escobar,Mauricio Camargo,Alvaro Orjuela,Laure Morel;NA;NA;NA;NA;NA;29th International Conference of the International Association for Management of Technology, IAMOT 2020;en;https://hal.univ-lorraine.fr/hal-03096713;NA
2020;COMM;Exploring the Relationship Between Customer Needs and Product Target Specifications for Cosmetic Emulsions;Juliana Serna Rodas,Javier Arrieta-Escobar,Manon Enjolras,Fatima Ezzahra Hamdani;NA;NA;NA;NA;NA;International Conference on Management of Technology (IAMOT);en;https://hal.univ-lorraine.fr/hal-03042982;NA
2020;COMM;Innovation Stories Platform: A Holistic Framework for Innovation Case Studies;Fatima Ezzahra Hamdani,Manon Enjolras,Vincent Boly;NA;NA;NA;NA;NA;International Conference on Management of Technology (IAMOT);en;https://hal.univ-lorraine.fr/hal-03042944;NA
2020;COMM;Définition d'une méthodologie d'indexation de documents textuels par étiquetage de séquences : application aux offres d'emploi;H Ramdani,A Brun,E Bonjour,D Monticolo;NA;NA;NA;NA;NA;Conférence Nationale sur les Applications Pratiques de l’Intelligence Artificielle - APIA 2020;fr;https://hal.inria.fr/hal-02974679;NA
2020;COMM;Connecting the strategic intent of innovation labs and projects: the case of the Green Fablab;Thibaut Roux-Marchand,Fabio Cruz,Laurent Dupont,Mauricio Camargo,Ferney Osorio;10.1109/ICE/ITMC49519.2020.9198320;NA;NA;NA;NA;2020 IEEE International Conference on Engineering, Technology and Innovation (ICE/ITMC);en;https://hal.archives-ouvertes.fr/hal-02941900;NA
2020;COMM;Designing interactive museum visitors' experience using a Fab Living Lab platform: the Museum-Aquarium of Nancy case;Ievgeniia Ten,Giovanny Arbelaez-Garces,Laurent Dupont;10.1109/ICE/ITMC49519.2020.9198641;NA;NA;NA;NA;2020 IEEE International Conference on Engineering, Technology and Innovation (ICE/ITMC);en;https://hal.univ-lorraine.fr/hal-02941618;NA
2020;COMM;Analysis of SMEs' innovation capability: Towards a taxonomic approach based on internal and contextual factors;Manon Enjolras,Daniel Galvez Manriquez,Mauricio Camargo,Christophe Schmitt;NA;NA;NA;NA;NA;International Conference on Engineering, Technology and Innovation (ICE-IEEE);en;https://hal.univ-lorraine.fr/hal-03042992;NA
2020;COMM;Applying a Living Lab Approach to Smart Grid Training Course Design;Alex Gabriel,Kévin Berger,Laurent Dupont,Valerie Rault,Mauricio Camargo,Frédérique Mayer;10.1109/ICE/ITMC49519.2020.9198604;NA;NA;NA;NA;2020 IEEE International Conference on Engineering, Technology and Innovation (ICE/ITMC);en;https://hal.archives-ouvertes.fr/hal-02884574;NA
2020;COMM;Developing a territorial diagnostic as part of a living lab process: Implementation to improve management and wood mobilization in small French private forest;Maxence Arnould,Laure Morel,Meriem Fournier;NA;NA;NA;NA;NA;IEEE International Conference on Engineering, Technology and Innovation (ICE/ITMC);en;https://hal.univ-lorraine.fr/hal-03023080;NA
2020;COMM;Development of an IMU-based ergonomics assessment tool for virtual reality;Giovanny Arbelaez Garces,Julien Michaux,Mauricio Camargo,Nicolas Ferveur;10.20870/IJVR.2020...3316;NA;NA;NA;NA;ConVRgence (VRIC) Virtual Reality International Conference Proceedings;en;https://hal.univ-lorraine.fr/hal-02565428;NA
2020;COMM;Reliability of virtual reality for user experience in spatial cognition: an exploratory approach;Anaëlle Hily,Christel Jacob,Laurent Dupont,Giovanny Arbelaez,Jérôme Dinet,Mauricio Camargo;NA;NA;NA;NA;NA;ConVRgence (VRIC) Virtual Reality International Conference 2020;en;https://hal.archives-ouvertes.fr/hal-02553833;NA
2020;COMM;Physiological assessment of User eXprience supported by Immersive Environments: First input from a literature review;Mariela Martinez,Giovanny Arbelaez Garces,Laurent Dupont,Anaëlle Hily,Mauricio Camargo,Christel Jacob,Jérôme Dinet;NA;NA;NA;NA;NA;ConVRgence (VRIC) Virtual Reality International Conference;en;https://hal.archives-ouvertes.fr/hal-02551341;NA
2020;COMM;From technological demonstrator to sustainable supply chain demonstrator: a conceptual framework;Brunelle Marche,Fedoua Kasmi,Fabio Sanchez,Frédérique Mayer,Laurent Dupont;NA;NA;NA;NA;NA;Spring of Innovation;en;https://hal.archives-ouvertes.fr/hal-02500528;NA
2020;COMM;Living lab organization and practices as useful tools to stimulate innovation in forestry practices;Maxence Arnould,Laure Morel,Meriem Fournier;NA;NA;NA;NA;NA;Governing and managing forests for multiple ecosystem services across the globe;en;https://hal.univ-lorraine.fr/hal-02507196;NA
2020;COUV;Sustainability assessment for chemical product and process design during early design stages;Paulo César Narváez Rincón,Juliana Serna,Álvaro Orjuela,Mauricio Camargo;10.1016/B978-0-12-818376-2.00001-6;NA;NA;NA;NA;NA;en;https://hal.archives-ouvertes.fr/hal-03140936;NA
2020;OTHER;“Do-It-Together” and innovation\, towards the Factories of the Future (FoF);Laurent Dupont,Fedoua Kasmi,Joshua M. Pearce,Roland Ortt;NA;journal of innovation economics & management;NA;NA;De Boeck Supérieur;NA;en;https://hal.univ-lorraine.fr/hal-03024062;NA
2020;OTHER;Les espaces Do It Yourself\, vivre ou survivre ?;Laurent Dupont,Laure Morel;NA;NA;NA;NA;NA;NA;fr;https://hal.archives-ouvertes.fr/hal-02878128;NA
2020;POSTER;Thermoplastic elastomer filaments for multi-polymer structures by fused deposition modeling;Jennifer Villamil,A El Akroud,Sandrine Hoppe,Hakim Boudaoud,Cécile Nouvel;NA;NA;NA;NA;NA;, 48ème International Colloquium of the French Polymer Society GFP;en;https://hal.archives-ouvertes.fr/hal-02520650;NA
2020;THESE;Optimal Configuration of Distributed Energy Systems with Hydrogen as Energy Carrier under Sustainability Criteria,Configuration optimale des systèmes d'énergie distribuée avec l'hydrogène comme vecteur d'énergie selon les critères de durabilité;Juan Fonseca;NA;NA;NA;NA;NA;NA;en;https://hal.univ-lorraine.fr/tel-03132500;NA
2020;UNDEFINED;System control of situations perceived by their simplexity: case-study and open-issues;Frédérique Mayer,Jean-Marc Dupont,David Gouyon,Eric Levrat,Jean-Pierre Hennebicq,Gérard Morel;NA;NA;NA;NA;NA;NA;en;https://hal.archives-ouvertes.fr/hal-02487442;NA
2020;UNDEFINED;Nouvelle dynamique des mélanges fluides continus Part 2 : En relativité générale;C. Fonteix,Dimitrios Meimaroglou,M. Camargo,M. Feidt;NA;NA;NA;NA;NA;NA;fr;https://hal.univ-lorraine.fr/hal-02482702;NA
2020;UNDEFINED;Nouvelle dynamique des mélanges fluides continus Partie 1 : En relativité restreinte;C. Fonteix,Dimitrios Meimaroglou,M. Camargo,M. Feidt;NA;NA;NA;NA;NA;NA;fr;https://hal.univ-lorraine.fr/hal-02482689;NA
2020;UNDEFINED;Dynamique des mélanges fluides continus Part 2 : bilans de quantité de mouvement\, d'énergie et d'entropie par constituant;Christian Fonteix,Michel Feidt,Mauricio Camargo;NA;NA;NA;NA;NA;NA;fr;https://hal.univ-lorraine.fr/hal-02877827;NA
2020;UNDEFINED;Dynamique des mélanges fluides continus Part 1 : Applications d’une nouvelle formulation du deuxième principe de la thermodynamique;C. Fonteix,M. Feidt,M. Camargo;NA;NA;NA;NA;NA;NA;fr;https://hal.univ-lorraine.fr/hal-02877748;NA
2020;UNDEFINED;Dynamique des mélanges fluides continus Part 3 : Nouvelle modélisation des forces d'interaction entre molécules et des non-linéarités de la diffusion;Christian Fonteix,Michel Feidt,Mauricio Camargo;NA;NA;NA;NA;NA;NA;fr;https://hal.univ-lorraine.fr/hal-02877862;NA
2019;ART;Challenges for autonomous vehicles (AVs) engineering: Safety validation of functional performance limitations;Tchoya Florence Koné,Eric Bonjour,Eric Levrat,Frédérique Mayer,Stéphane Géronimi;10.1002/inst.12270;insight - international council on systems engineering (incose);NA;NA;Wiley;NA;en;https://hal.archives-ouvertes.fr/hal-02984936;NA
2019;ART;Review of the AFIS 2018 Academy-Industry meetings in Nancy -The celebration of the 20th anniversary of AFIS!;Eric Levrat,Eric Bonjour,David Gouyon,Pascale Marangé,Frédérique Mayer,Hervé Panetto,Jean-Claude Tucoulou;10.1002/inst.12265;insight - international council on systems engineering (incose);NA;NA;Wiley;NA;en;https://hal.archives-ouvertes.fr/hal-02423280;NA
2019;ART;Editorial - Special issue on System of Systems Engineering;Franck Davoine,Eric Bonjour;10.1002/sys.21525;systems engineering;NA;NA;Wiley;NA;en;https://hal.archives-ouvertes.fr/hal-02339889;NA
2019;ART;Interface modeling for product‐service system integration;Elaheh Maleki,Farouk Belkadi,Eric Bonjour,Ali Slayman,Alain Bernard;10.1002/sys.21522;systems engineering;NA;NA;Wiley;NA;en;https://hal.archives-ouvertes.fr/hal-02942144;NA
2019;ART;Application of Decision-Making Methods in Smart City Projects: A Systematic Literature Review;Giang Tran Thi Hoang,Laurent Dupont,Mauricio Camargo;10.3390/smartcities2030027;smart cities;NA;NA;MDPI;NA;en;https://hal.archives-ouvertes.fr/hal-02284566;NA
2019;ART;Process and resource selection methodology in design for additive manufacturing;Shervin Kadkhoda-Ahmadi,Alaa Hassan,Elnaz Asadollahi-Yazdi;10.1007/s00170-019-03991-w;international journal of advanced manufacturing technology;Q1;NA;Springer Verlag;NA;en;https://hal.archives-ouvertes.fr/hal-02168355;112
2019;ART;A green procurement methodology based on Kraljic Matrix for supplier`s evaluation and selection: a case study from the chemical sector;Felipe Sanchez Garzon,Manon Enjolras,Mauricio Camargo,Laure Morel;10.1080/16258312.2019.1622446;supply chain forum: an international journal;NA;NA;Kedge Business School;NA;en;https://hal.archives-ouvertes.fr/hal-02151353;NA
2019;ART;Evaluating air quality by combining stationary\, smart mobile pollution monitoring and data-driven modelling;Adriana Simona Mihăiţă,Laurent Dupont,Olivier Chery,Mauricio Camargo,Chen Cai;10.1016/j.jclepro.2019.02.179;journal of cleaner production;Q1;NA;Elsevier;NA;en;https://hal.archives-ouvertes.fr/hal-02061928;173
2019;ART;A Step for improving the transition between traditional Project Management to Agile Project Management;Felipe Sanchez Garzon,Jean-Pierre Micaëlli,Eric Bonjour,Davy Monticolo;10.19255/JMPM01906;the journal of modern project management;NA;NA;jmpm;NA;en;https://hal-univ-lyon3.archives-ouvertes.fr/hal-02166163;NA
2019;ART;Understanding user representations\, a new development path for supporting Smart City policy: Evaluation of the electric car use in Lorraine Region;Laurent Dupont,Julien Hubert,Claudine Guidat,Mauricio Camargo;10.1016/j.techfore.2018.10.027;technological forecasting and social change;NA;NA;Elsevier;NA;en;https://hal.univ-lorraine.fr/hal-01919436;NA
2019;ART;Methodology to design ontologies from organizational models: application to creativity workshops;Gabriel Alex,Barrios Pedro Chavez,Monticolo Davy;10.1017/S0890060419000088;ai edam;NA;NA;Cambridge University Press (CUP);NA;en;https://hal.archives-ouvertes.fr/hal-03064904;NA
2019;ART;Multiobjective optimization for the design of phase III biorefinery sustainable supply chain;Andrea Teresa Espinoza Pérez,Paulo César Narváez Rincón,Mauricio Camargo,Miguel Domingo Alfaro Marchant;10.1016/j.jclepro.2019.02.268;journal of cleaner production;Q1;NA;Elsevier;NA;en;https://hal.archives-ouvertes.fr/hal-02072187;173
2019;ART;Are High-Tech Companies More Competitive Than Others? An Empirical Study of Innovative and Exporting French SMEs;Manon Enjolras,Mauricio Camargo,Christophe Schmitt;10.22215/timreview/1206;technology innovation management review;NA;NA;Talent First Network;NA;en;https://hal.archives-ouvertes.fr/hal-02004952;NA
2019;ART;Design and management of innovation laboratories: Toward a performance assessment tool;Ferney Osorio,Laurent Dupont,Mauricio Camargo,Pedro Palominos,José Ismael Peña,Miguel Alfaro;10.1111/caim.12301;creativity and innovation management;NA;NA;Wiley;NA;en;https://hal.archives-ouvertes.fr/hal-01987047;NA
2019;ART;Confiance et Technologie : Deux Dimensions de l’Innovation Ouverte et Agile appliquée à l’Énergie;Laurent Dupont,Joëlle Mastelic,Nathalie Nyffeler,Sophie Latrille,Eric Seulliet;10.21494/ISTE.OP.2019.0314;technologie et innovation;NA;NA;ISTE OpenScience;NA;en;https://hal.archives-ouvertes.fr/hal-02047441;NA
2019;ART;Agilité et conception de filière : le cas de la montre SWATCH;Brunelle Marche,Vincent Boly,Laure Morel,Frédérique Mayer,Roland Ortt;10.21494/ISTE.OP.2019.0315;technologie et innovation;NA;NA;ISTE OpenScience;NA;en;https://hal.archives-ouvertes.fr/hal-01973288;NA
2019;ART;Innovation Spaces in Universities: Support for Collaborative Learning;Lorena Delgado,Daniel Galvez,Alaa Hassan,Pedro Palominos,Laure Morel;10.3917/jie.pr1.0064;journal of innovation economics & management;NA;NA;De Boeck Supérieur;NA;en;https://hal.archives-ouvertes.fr/hal-02492205;NA
2019;ART;Agile innovation: Creating value in uncertain environments;Laurent Dupont;10.3917/jie.028.0001;journal of innovation economics & management;NA;NA;De Boeck Supérieur;NA;en;https://hal.univ-lorraine.fr/hal-02010213;NA
2019;ART;Communautés et agilité : la complexité de l’organisation innovante;Florence Crespin-Mazet,Karine Goglio-Primard,Claude Guittard,Laurent Dupont;10.3917/inno.058.0005;innovations - revue d’économie et de management de l'innovation;NA;NA;De Boeck Supérieur;NA;fr;https://hal.univ-lorraine.fr/hal-02010208;NA
2019;ART;Living lab as a support to trust for co-creation of value: application to the consumer energy market;Laurent Dupont,Joëlle Mastelic,Nathalie Nyffeler,Sophie Latrille,Eric Seulliet;10.3917/jie.028.0053;journal of innovation economics & management;NA;NA;De Boeck Supérieur;NA;en;https://hal.univ-lorraine.fr/hal-02010217;NA
2019;ART;Innovation Agile : Regards Pluridisciplinaires;Laurent Dupont,Laure Morel;10.21494/ISTE.OP.2019.0312;technologie et innovation;NA;NA;ISTE OpenScience;NA;fr;https://hal.archives-ouvertes.fr/hal-01987055;NA
2019;ART;Le caractère dynamique et évolutif de la notion d’innovation : Quelles conséquences pour l’évaluation de la capacité à innover des entreprises ?;Manon Enjolras,Daniel Galvez,Johan Claire,Mauricio Camargo,Vincent Boly;10.21494/ISTE.OP.2019.0317;technologie et innovation;NA;NA;ISTE OpenScience;NA;en;https://hal.archives-ouvertes.fr/hal-02492141;NA
2019;ART;Agility and product supply chain design: The case of the Swatch;Brunelle Marche,Vincent Boly,Laure Morel,Frédérique Mayer,Roland Ortt;10.3917/jie.028.0079;journal of innovation economics & management;NA;NA;De Boeck Supérieur;NA;en;https://hal.archives-ouvertes.fr/hal-03023641;NA
2019;COMM;Safety demonstration of autonomous vehicles: a review and future research questions;Tchoya Florence Kone,Eric Bonjour,Eric Levrat,Frédérique Mayer,Stéphane Géronimi;10.1007/978-3-030-34843-4_15;NA;NA;NA;NA;10th Complex Systems Design & Management, CSD&M 2019;en;https://hal.archives-ouvertes.fr/hal-02427540;NA
2019;COMM;Economic and environmental sustainability dimensions assessment of a biorefinery to obtain value-added products using Poplar (Populus sp.) as raw material;Juan C. Solarte Toro,Carlos Ariel Cardona,Javier Arrieta-Escobar,Brunelle Marche,Vincent Boly;NA;NA;NA;NA;NA;Woodchem 2019;en;https://hal.archives-ouvertes.fr/hal-02500522;NA
2019;COMM;Approche prospectiviste dans la conception de filière alternative : Application au cas de la lignine;Brunelle Marche,Javier Arrieta-Escobar,Vincent Boly,Juan Solarte-Toro,Carlos Ariel Cardona Alzate;NA;NA;NA;NA;NA;8èmes journées du GDR 3544 « Sciences du bois »;fr;https://hal.archives-ouvertes.fr/hal-02500518;NA
2019;COMM;Élaboration de filaments élastomère thermoplastiques pour l'impression de structures multi-polymères par dépôt de fil fondu;Sandrine Hoppe,Jennifer Villamil,A El Akroud,Hakim Boudaoud,Cécile Nouvel;NA;NA;NA;NA;NA;17ème Congrès de la Société Française de Génie des Procédés (SFGP);fr;https://hal.archives-ouvertes.fr/hal-02520335;NA
2019;COMM;Immersive Collaborative Innovation;Laurent Dupont,Giovanny Arbelaez Garces;NA;NA;NA;NA;NA;Tohoku University / Lorraine University seminar - Health, Technology, and Humanities in the XXI Century;en;https://hal.archives-ouvertes.fr/hal-02307769;NA
2019;COMM;Integration of Heuristic Knowledge in the Design of a Skin Moisturizer;Javier Arrieta-Escobar,Vincent Boly;NA;NA;NA;NA;NA;SKIN & FORMULATION, 5th SYMPOSIUM & 17th SKIN FORUM;en;https://hal.archives-ouvertes.fr/hal-02500577;NA
2019;COMM;Sustainability dimensions in hydrogen-based distributed energy systems;Juan David Fonseca Gamboa,Mauricio Camargo,Jean-Marc Commenge,Laurent Falk,Ivan Gil Chavez;NA;NA;NA;NA;NA;European Congress of Chemical Engineering;en;https://hal.univ-lorraine.fr/hal-03199086;NA
2019;COMM;Specific adhesion test definition for 3D printed composite structures;A El Akroud,Jennifer Villamil,Sandrine Hoppe,Boudaoud Hakim,Cécile Nouvel;NA;NA;NA;NA;NA;19èmes EMI International Conférence;en;https://hal.archives-ouvertes.fr/hal-02520662;NA
2019;COMM;Collaborer et coopérer pour faire réseau : dynamique collective d'enseignants en formation à l'accompagnement pédagogique;Raphaël Bary,Marie-Reine Boudarel;NA;NA;NA;NA;NA;Questions de Pédagogies dans l'Enseignement Supérieur;fr;https://hal.archives-ouvertes.fr/hal-02290507;NA
2019;COMM;Concevoir et innover la supply chain pour l’alimentation. Le cas des personnes âgées;Auguste Rakotondranaivo;NA;NA;NA;NA;NA;PROLOG 2019: International Conference on Project Logistics;fr;https://hal.univ-lorraine.fr/hal-03005579;NA
2019;COMM;Application du Lean Six-Sigma pour l’amélioration la supply chain hospitalière et évaluation de son acceptabilité;Auguste Rakotondranaivo,Nathalie Rouyer,Eric Bonjour;NA;NA;NA;NA;NA;PROLOG 2019: International Conference on Project Logistics;fr;https://hal.univ-lorraine.fr/hal-03005578;NA
2019;COMM;Interfaces modeling for Product-Service System integration;Elaheh Maleki,Farouk Belkadi,Eric Bonjour,Alain Bernard;NA;NA;NA;NA;NA;IEEE 2018 13th Annual Conference on System of Systems Engineering (SoSE);en;https://hal.archives-ouvertes.fr/hal-02006063;NA
2019;COMM;Innovation Acceptability in Elderly Care: A Risk Evaluation Approach,Acceptabilité des innovations pour la prise en Charge des personnes âgées : une approche par l’évaluation de risques.;Linda Acosta Salgado,Auguste Rakotondranaivo,Eric Bonjour;NA;NA;NA;NA;NA;2019 IEEE International Conference on Engineering, Technology and Innovation (ICE/ITMC);en;https://hal.archives-ouvertes.fr/hal-02266922;NA
2019;COMM;Constellation of Innovation Laboratories: A Scientific Outlook;Ferney Osorio,Laurent Dupont,Mauricio Camargo,José Ismael Peña;10.1109/ICE.2019.8792816;NA;NA;NA;NA;2019 IEEE International Conference on Engineering, Technology and Innovation (ICE/ITMC);en;https://hal.archives-ouvertes.fr/hal-02266978;NA
2019;COMM;A collaborative tool to design the product/supply chain couple in a high-tech environment: application to an electromagnetic sensor;Brunelle Marche,Vincent Boly,Frédérique Mayer,J. Roland Ortt;10.1109/ICE.2019.8792625;NA;NA;NA;NA;2019 IEEE International Conference on Engineering, Technology and Innovation (ICE/ITMC);en;https://hal.univ-lorraine.fr/hal-02321804;NA
2019;COMM;The process of customer/supplier collaboration in innovation projects – A literature review;Carlos Abraham Moya,Vincent Boly,Daniel Galvez,Laure Morel,Brunelle Marche;10.1109/ICE.2019.8792642;NA;NA;NA;NA;2019 IEEE International Conference on Engineering, Technology and Innovation (ICE/ITMC);en;https://hal.univ-lorraine.fr/hal-02321814;NA
2019;COMM;A systematic multicriteria-based approach to support the implementation of a Warehouse Management System in the context of humanitarian logistics;Puech Emilie,Enjolras Manon,Camargo Mauricio;NA;NA;NA;NA;NA;2019 IEEE International Conference on Engineering, Technology and Innovation (ICE/ITMC);en;https://hal.archives-ouvertes.fr/hal-02267002;NA
2019;COMM;A referential framework for the choice of prototypes in the design phase of a mobile application;Samuel Marie-Rose,Giovanny Arbelaez Garces,Mauricio Camargo;10.1109/ICE.2019.8792568;NA;NA;NA;NA;2019 IEEE International Conference on Engineering, Technology and Innovation (ICE/ITMC);en;https://hal.univ-lorraine.fr/hal-02266212;NA
2019;COMM;The Link between Innovation and Export: Evidences from small-sized firms practices;Manon Enjolras,Mauricio Camargo,Vincent Boly,Christophe Schmitt;10.1109/ICE.2019.8792656;NA;NA;NA;NA;2019 IEEE International Conference on Engineering, Technology and Innovation (ICE/ITMC);en;https://hal.archives-ouvertes.fr/hal-02267003;NA
2019;COMM;Lorraine Fab Living Lab : Mise en place d'un éco-système de co-production;Laurent Dupont;NA;NA;NA;NA;NA;"Rencontres semestrielles sur les liens entre la Ville et l’Université - Les Entretiens de Sceaux 2e session ""Territoire apprenant...  id est ?""";fr;https://hal.archives-ouvertes.fr/hal-02412591;NA
2019;COMM;Activity Modeling of Preliminary Additive Manufacturing Process Planning;Shervin Kadkhoda-Ahmadi,Alaa Hassan,Elnaz Asadollahi-Yazdi;NA;NA;NA;NA;NA;CIRP Design;en;https://hal.archives-ouvertes.fr/hal-02278907;NA
2019;COMM;Adapting project management maturity models for the Industry 4.0;Felipe Sanchez Garzon,Davy Monticolo,Eric Bonjour,Jean-Pierre Micaëlli;NA;NA;NA;NA;NA;Project Management Congress: Research meets Practice. Towards Project Management 3.0;en;https://hal.archives-ouvertes.fr/hal-02941988;NA
2019;COMM;Innovation capabilities assessment: a sectorial view supported by an original diagnostic tool - the Potential Innovation Index;Manon Enjolras,Alice de Casanove,Laure Morel,Johan Claire;NA;NA;NA;NA;NA;IAMOT - Conference Proceedings of the 28th International Conference on Management of Technology.;en;https://hal.archives-ouvertes.fr/hal-02492155;NA
2019;COMM;Open innovation learning : From concepts to targeted competences;Brunelle Marche,Manon Enjolras,Vincent Boly;NA;NA;NA;NA;NA;IAMOT 2019 - Conference Proceedings of the 28th International Conference on Management of Technology;en;https://hal.archives-ouvertes.fr/hal-02492164;NA
2019;COUV;System‐centered specification of physico–physiological interactions of sensory perception;Jean-Marc Dupont,Frédérique Mayer,Fabien Bouffaron,Romain Lieber,Gérard Morel;10.1002/9781119644576;NA;NA;NA;NA;NA;en;https://hal.archives-ouvertes.fr/hal-02367404;NA
2019;COUV;Proposal of a Harmonic Bees Algorithm for Design Optimization of a Gripper Mechanism;Osman Acar,Mete Kalyoncu,Alaa Hassan;10.1007/978-3-030-20131-9_280;NA;NA;NA;NA;NA;en;https://hal.archives-ouvertes.fr/hal-02168351;NA
2019;COUV;ValYooTrust : Plateforme de confiance et incitative pour l'innovation collaborative;Laurent Dupont,Eric Seuillet,Patrick Duvaut;NA;NA;NA;NA;NA;NA;fr;https://hal.archives-ouvertes.fr/hal-02194570;NA
2019;COUV;Clustering alternative product formulations using graphs;Fernando Bernardo,Javier Arrieta-Escobar;NA;NA;NA;NA;NA;NA;en;https://hal.archives-ouvertes.fr/hal-02281238;NA
2019;COUV;Integration of Consumer Preferences and Heuristic Knowledge in the Design of Formulated Products: Application to a Cosmetic Emulsion;Javier Arrieta-Escobar,Fernando Bernardo,Alvaro Orjuela,Mauricio Camargo,Laure Morel,Laurent Wendling;10.1016/B978-0-12-818634-3.50073-4;NA;NA;NA;NA;NA;en;https://hal.archives-ouvertes.fr/hal-02281239;NA
2019;COUV;Spécification centrée système d’interactions physico-physiologiques de perception sensorielle;Jean-Marc Dupont,Frédérique Mayer,Fabien Bouffaron,Romain Lieber,Gérard Morel;NA;NA;NA;NA;NA;NA;fr;https://hal.archives-ouvertes.fr/hal-02155509;NA
2019;DOUV;SIIE'2019 PROCEEDINGS 8th. Edition of the International Conference on: “Information Systems and Economic Intelligence”.;Sahbi Sidhom,Davy Monticolo,Habib Sidhom;NA;NA;NA;NA;NA;International Conference on “Information Systems and Economic Intelligence”: 8th. Edition.;en;https://hal.univ-lorraine.fr/hal-03047053;NA
2019;OUV;Complex Systems Design & Management - CSDM 2018 Proceedings;Eric Bonjour,Daniel Krob,Luca Palladino,François Stephan;10.1007/978-3-030-04209-7;NA;NA;NA;NA;NA;en;https://hal.archives-ouvertes.fr/hal-02942265;NA
2019;REPORT;Donner forme à un réseau pour accompagner la transformation pédagogique;Raphaël Bary,Marie-Reine Boudarel;NA;NA;NA;NA;NA;NA;fr;https://hal.archives-ouvertes.fr/hal-02051719;NA
2019;THESE;L’approche Urban Living Lab pour insuffler l’innovation en urbanisme ? Contribution à la conception d’une ingénierie de pilotage de l’innovation urbaine : application à l’Opération d’Intérêt National d’Alzette Belval,Inspire innovation into urban planning with Urban Living Lab approach? Contribution to the design of an urban innovation management engineering : application to the Opération d’Intérêt National d’Alzette Belval;Jonathan Lacroix;NA;NA;NA;NA;NA;NA;fr;https://hal.univ-lorraine.fr/tel-02518459;NA
2019;THESE;Supporting the transformation of a company's project management by elaborating an invariant-based project management maturity model and a causal predictive model between maturity criteria and project performance,Soutien à la transformation de la gestion de projet d'une entreprise par l'élaboration d'un modèle de maturité de gestion de projet et d'un modèle prédictif causal entre les critères de maturité et la performance du projet;Felipe Sanchez Garzon;NA;NA;NA;NA;NA;NA;en;https://hal.univ-lorraine.fr/tel-02555923;NA
2019;THESE;From “shared diagnosis” to “shared action” : how Living Lab process can support decision-making process involving citizen for Smart City,D’un « diagnostic partagé » à « l’action partagée » : comment le mode projet Living Lab peut alimenter le processus d’aide à la décision du « faire la ville » en intégrant les citoyens pour une ville intelligente;Tran Thi Hoang Giang;NA;NA;NA;NA;NA;NA;en;https://hal.univ-lorraine.fr/tel-02517128;NA
2019;THESE;Design of information and technology tools to support the process of creativity and innovation,Conception d'outils d'information et de technologie pour soutenir le processus de créativité et d'innovation;Pedro Chávez Barrios;NA;NA;NA;NA;NA;NA;en;https://hal.univ-lorraine.fr/tel-02499176;NA
2018;ART;A new framework to support Lean Six Sigma deployment in SMEs;Carlos Abraham Moya,Daniel Galvez,Laurent Muller,Mauricio Camargo;10.1108/IJLSS-01-2018-0001;international journal of lean six sigma;Q1;Q2;Emerald Publishing;NA;en;https://hal.univ-lorraine.fr/hal-01959521;31
2018;ART;A system dynamics approach for sustainability assessment of biodiesel production in Colombia. Baseline simulation;Sandra Bautista,Andrea Espinoza,Paulo Narvaez,Mauricio Camargo,Laure Morel;10.1016/j.jclepro.2018.12.111;journal of cleaner production;Q1;NA;Elsevier;NA;en;https://hal.univ-lorraine.fr/hal-01959528;173
2018;ART;Trends in design of distributed energy systems using hydrogen as energy vector: A systematic literature review;Juan Fonseca,Mauricio Camargo,Jean-Marc Commenge,Laurent Falk,Iván Gil;10.1016/j.ijhydene.2018.09.177;international journal of hydrogen energy;NA;NA;Elsevier;NA;en;https://hal.archives-ouvertes.fr/hal-01910588;NA
2018;ART;Multi-objective traffic signal optimization using 3D mesoscopic simulation and evolutionary algorithms;Adriana Simona Mihăiţă,Laurent Dupont,Mauricio Camargo;10.1016/j.simpat.2018.05.005;simulation modelling practice and theory;NA;NA;Elsevier;NA;en;https://hal.univ-lorraine.fr/hal-01796613;NA
2018;ART;Incorporation of Heuristic Knowledge in the Optimal Design of Formulated Products: Application to a Cosmetic Emulsion;Javier Arrieta-Escobar,Fernando Bernardo,Alvaro Orjuela,Mauricio Camargo,Laure Morel;10.1016/j.compchemeng.2018.08.032;computers & chemical engineering;NA;NA;Elsevier;NA;en;https://hal.archives-ouvertes.fr/hal-01868686;NA
2018;ART;Une approche de conception de systèmes multi-agents dédiés à la gestion des connaissances;Davy Monticolo,Alex Gabriel,Pedro Chavez Barrios;10.3166/ISI.23.2.61-88;ingéniérie des systèmes d'information;NA;NA;Lavoisier;NA;fr;https://hal.archives-ouvertes.fr/hal-03066071;NA
2018;ART;Firm Readiness Level for Innovation Projects: A New Decision-Making Tool for Innovation Managers;Daniel Galvez,Manon Enjolras,Mauricio Camargo,Vincent Boly,Johan Claire;10.3390/admsci8010006;international review of administrative sciences;NA;NA;SAGE Publications;NA;en;https://hal.archives-ouvertes.fr/hal-01837932;NA
2018;ART;Contribution to the objective assessment of technical skills for surgery students: An accelerometer based approach;Giovanny Arbelaez Garces,David Joseph,Mauricio Camargo,Nguyen Tran,Laure Morel;10.1016/j.ergon.2017.12.002;international journal of industrial ergonomics;NA;NA;Elsevier;NA;en;https://hal.univ-lorraine.fr/hal-01812007;NA
2018;ART;Vers une meilleure compréhension du concept de design,Towards a Better Understanding of the Concept of Design,Hacia una mejor comprensión del concepto de diseño;Linda Acosta Salgado,Laure Morel,Isabelle Verilhac;10.3917/proj.020.0091;projectics / proyéctica / projectique;NA;NA;De Boeck Supérieur;NA;fr;https://hal.archives-ouvertes.fr/hal-02157341;NA
2018;ART;Predicting Air Quality by Integrating a Mesoscopic Traffic Simulation Model and Simplified Air Pollutant Estimation Models;Adriana Simona Mihăiţă,Mirian Benavides Ortiz,Mauricio Camargo,Chen Cai;10.1007/s13177-018-0160-z;international journal of intelligent transportation systems research;Q2;NA;Springer Verlag;NA;en;https://hal.archives-ouvertes.fr/hal-01868707;14
2018;ART;L’indice d’innovation potentielle (IIP) : un diagnostic de la capacité à innover au service des PME;Manon Enjolras,Mauricio Camargo,Vincent Boly;10.7202/1049960ar;revue internationale pme;NA;NA;Editions Management et Société (EMS);NA;fr;https://hal.archives-ouvertes.fr/hal-02322097;NA
2018;COMM;Use of Bayesian Network characteristics to link project management maturity and risk of project overcost;Felipe Sanchez,Davy Monticolo,Eric Bonjour,Jean-Pierre Micaëlli;10.1109/SITIS.2018.00071;NA;NA;NA;NA;2018 14th International Conference on Signal-Image Technology & Internet-Based Systems (SITIS);en;https://hal.archives-ouvertes.fr/hal-02942017;NA
2018;COMM;Conception et évaluation de systèmes d'innovation pour mieux mobiliser les bois en petite propriété forestière privée;Maxence Arnould,Laure Morel,Meriem Fournier;NA;NA;NA;NA;NA;7 èmes journées du GDR 3544 « Sciences du bois »;fr;https://hal.univ-lorraine.fr/hal-02507166;NA
2018;COMM;Spécification système d'interactions physico-physiologiques de perception sensorielle;Frédérique Mayer,Jean-Marc Dupont,Fabien Bouffaron,Romain Lieber,Gérard Morel;NA;NA;NA;NA;NA;3e Journées de l’Automatique du GDR MACS, JAMACS 2018;fr;https://hal.archives-ouvertes.fr/hal-01954565;NA
2018;COMM;Air quality monitoring using stationary versus mobile sensing units: a case study from Lorraine\, France;Adriana-Simona Mihaita,Laurent Dupont,Olivier Cherry,Mauricio Camargo,Chen Cai;NA;NA;NA;NA;NA;25th ITS World Congress 2018;en;https://hal.univ-lorraine.fr/hal-01885133;NA
2018;COMM;La performance au bloc opératoire : le Lean Six-sigma est-il applicable et pertinent ?;Fabienne Paillet,Auguste Rakotondranaivo,Elisabeth Gloaguen.;NA;NA;NA;NA;NA;9ème conférence francophone en Gestion et Ingénierie des Systèmes Hospitaliers - GISEH;fr;https://hal.univ-lorraine.fr/hal-01895196;NA
2018;COMM;Le Lean au service de la performance : application de la démarche DMAIC pour la restructuration d’un service de pédiatrie;Audrey Janus,Auguste Rakotondranaivo,Laurence Bolardi;NA;NA;NA;NA;NA;9ème conférence francophone en Gestion et Ingénierie des Systèmes Hospitaliers - GISEH;fr;https://hal.univ-lorraine.fr/hal-01895198;NA
2018;COMM;Assisting Urban Planning Practitioners Facing UHI and Related Vulnerability Issues with a Co-Designed Tool : DIACLIMAP Project;Julien Bouyer,François E. Leconte,Rémy Claverie,Adrien Ferry,Rémi Pierrat,Géraldine Bur,Dominique Hebrard,Pierre Lainé,Benjamin Piccinnini,Philippe Jary,Laëtitia Boithias,Laurent Dupont,Olivier Chery;NA;NA;NA;NA;NA;10th International Conference on Urban Climate/14th Symposium on the Urban Environment;en;https://hal.univ-lorraine.fr/hal-01915689;NA
2018;COMM;3D-Printing Based Distributed Plastic Recycling: A Conceptual Model for Closed-Loop Supply Chain Design;Santander Pavlo,Cruz Fabio,Boudaoud Hakim,Camargo Mauricio;10.1109/ICE.2018.8436296;NA;NA;NA;NA;2018 IEEE International Conference on Engineering, Technology and Innovation (ICE/ITMC);en;https://hal.archives-ouvertes.fr/hal-01863819;NA
2018;COMM;Modelling\, Printing and Validation of Dental Dry Models for Implantology Skills Training;Ramses Albuquerque,Giovanny Arbelaez,Fabio Cruz,Mauricio Camargo,David Joseph,Nguyen Tran;10.1109/ICE.2018.8436302;NA;NA;NA;NA;2018 IEEE International Conference on Engineering, Technology and Innovation (ICE/ITMC);en;https://hal.univ-lorraine.fr/hal-01858370;NA
2018;COMM;Sustainable Management of Roadside: Towards a Research Agenda;Sandra Cecilia Sandra Cecilia,Mauricio Camargo Pardo,Laure Morel,Christophe Bachmann;10.1109/ICE.2018.8436326;NA;NA;NA;NA;2018 IEEE International Conference on Engineering, Technology and Innovation (ICE/ITMC);en;https://hal.archives-ouvertes.fr/hal-02025863;NA
2018;COMM;Exploring the notion of situation for responsive manufacturing systems specification issues;Frédérique Mayer;NA;NA;NA;NA;NA;16th IFAC INCOM;en;https://hal.univ-lorraine.fr/hal-01841822;NA
2018;COMM;Implementing of Project-Based and Skill Assessment Pedagogy in Mechatronics Course;Alaa Hassan,Valerie Rault,Patrick Truchot;10.1109/REM.2018.8421771;NA;NA;NA;NA;2018 19th International Conference on Research and Education in Mechatronics (REM);en;https://hal.archives-ouvertes.fr/hal-01885250;NA
2018;COMM;INNOVATION MANAGEMENT PRINCIPLES FROM ISO 50500 SERIES;Alice de Casanove,Laure Morel;NA;NA;NA;NA;NA;International Association for Management of Technology IAMOT 2018;en;https://hal.univ-lorraine.fr/hal-02789494;NA
2018;COMM;A Universal Framework For Systemizing the Evaluation of Immersive And Collaborative Performance;Laurent Dupont,Marc Pallot,Olivier Christmann,Simon Richir;10.1145/3234253.3234306;NA;NA;NA;NA;VRIC '18: Virtual Reality International Conference - Laval Virtual;en;https://hal.univ-lorraine.fr/hal-01868811;NA
2018;COUV;Innovation Spaces: New Places for Collective Intelligence?;Laure Morel,Laurent Dupont,Marie-Reine Boudarel;NA;NA;NA;NA;NA;NA;en;https://hal.univ-lorraine.fr/hal-01902960;NA
2018;COUV;Innover et exporter : un défi à relever pour les PME;Manon Enjolras;NA;NA;NA;NA;NA;NA;fr;https://hal.univ-lorraine.fr/hal-03043030;NA
2018;COUV;Enjeux et défis d’une ingénieirie entrepreneuriale;Christophe Schmitt,Laure Morel;NA;NA;NA;NA;NA;NA;fr;https://hal.univ-lorraine.fr/hal-02366024;NA
2018;POSTER;A Semantic Approach to Manage Ideas in an Innovation Process;Pedro Chavez Barrios\, Davy Monticolo\, Sahbi Sidhom,Davy Monticolo,Sahbi Sidhom;NA;NA;NA;NA;NA;SÉMINAIRE DE L'ÉCOLE DOCTORALE RP2E : 13 Février 2018;en;https://hal.inria.fr/hal-01699590v2;NA
2018;REPORT;Livrable 2 - projet DHDA – Des Hommes et Des Arbres\, les racines de demain. Lauréat de l’AMI Territoire Innovant de Grande Ambition (TIGA) étude 8 La Fabrique DHDA (mise en perspective du mode Living Lab sur l’écosystème du projet);Claudine Guidat,Laurent Dupont,Mathieu Ruillet;NA;NA;NA;NA;NA;NA;fr;https://hal.archives-ouvertes.fr/hal-02568271;NA
2018;REPORT;Livrable 1 - projet DHDA – Des Hommes et Des Arbres\, les racines de demain Lauréat de l’AMI Territoire Innovant de Grande Ambition (TIGA) étude 8 La Fabrique DHDA (mise en œuvre du mode Living Lab);Claudine Guidat,Laurent Dupont,Mathieu Ruillet;NA;NA;NA;NA;NA;NA;fr;https://hal.archives-ouvertes.fr/hal-02568260;NA
2018;THESE;Methodological approach for the sustainable design of structured chemical products during early design stages,Approche méthodologique pour la conception durable de produits chimiques structurés dans les premières phases de la conception;Juliana Serna Rodas;NA;NA;NA;NA;NA;NA;en;https://hal.univ-lorraine.fr/tel-02122781;NA
2018;THESE;An Integrated Methodology for Chemical Product Design: Application to Cosmetic Emulsions,Une méthodologie intégrée de conception de produits chimiques : application sur des émulsions cosmétiques;Javier Arrieta-Escobar;NA;NA;NA;NA;NA;NA;en;https://hal.univ-lorraine.fr/tel-02122637;NA
2018;THESE;From product design to supply chain design : Which methodologies for the upstream stages of innovation?,De la conception de produit à la conception de filière : Quelles méthodologies pour les étapes amont de l’innovation ?;Brunelle Marche;NA;NA;NA;NA;NA;NA;en;https://tel.archives-ouvertes.fr/tel-01946850;NA
2018;THESE;Favoriser l’adoption des mobilités actives : proposition d’une démarche de conception centrée usage pour accompagner un territoire dans l’élaboration de ses politiques de transport,Promote adoption of active mobility : a use-centered design approach to help territory to develop transport policies;Aline Convolte;NA;NA;NA;NA;NA;NA;fr;https://hal.univ-lorraine.fr/tel-02103198;NA
2017;ART;The first ROBAFIS-ROBSE international student competition in Systems Engineering;Jean-Claude Tucoulou,Eric Bonjour,David Gouyon;10.1002/inst.12181;insight - international council on systems engineering (incose);NA;NA;Wiley;NA;en;https://hal.archives-ouvertes.fr/hal-01666762;NA
2017;ART;Modeling and optimization of a photocatalytic process: Degradation of endocrine disruptor compounds by Ag/ZnO;Alma Berenice Jasso-Salcedo,Sandrine Hoppe,Fernand Pla,Vladimir Alonso Escobar-Barrios,Mauricio Camargo,Dimitrios Meimaroglou;10.1016/j.cherd.2017.10.012;chemical engineering research and design;NA;NA;Elsevier;NA;en;https://hal.univ-lorraine.fr/hal-01629305;NA
2017;ART;Overview of phenomena occurring in supply chains during the emergence of innovation;Brunelle Marche,Vincent Boly,Laure Morel,Mauricio Camargo,J. Roland Ortt;10.1080/16258312.2017.1354649;supply chain forum: an international journal;NA;NA;Kedge Business School;NA;en;https://hal.archives-ouvertes.fr/hal-01837933;NA
2017;ART;Exploring Mixed-methods Instruments for Performance Evaluation of Immersive Collaborative Environments;Laurent Dupont,Marc Pallot,Laure Morel,Olivier Christmann,Vincent Boly,Simon Richir;NA;international journal of virtual reality;NA;NA;IPI Press;NA;en;https://hal.archives-ouvertes.fr/hal-02283881;NA
2017;ART;Polymer recycling in an open-source additive manufacturing context: Mechanical issues;Fabio Cruz Sanchez,Hakim Boudaoud,Sandrine Hoppe,Mauricio Camargo;10.1016/j.addma.2017.05.013;additive manufacturing;Q1;NA;Elsevier;NA;en;https://hal.archives-ouvertes.fr/hal-01629449;45
2017;ART;Modeling and design optimization of a robot gripper mechanism;Alaa Hassan,Mouhammad Abomoharam;10.1016/j.rcim.2016.12.012;robotics and computer-integrated manufacturing;Q1;NA;Elsevier;NA;en;https://hal.univ-lorraine.fr/hal-01838432;84
2017;ART;A new fuzzy logic-based metric to measure lean warehousing performance;Nicolás Buonamico,Laurent Muller,Mauricio Camargo;10.1080/16258312.2017.1293466;supply chain forum: an international journal;NA;NA;Kedge Business School;NA;en;https://hal.archives-ouvertes.fr/hal-01837935;NA
2017;ART;The effect of learning approaches on the utilization of external knowledge in strategic alliances;Hamid Mazloomi Khamseh,Dominique Jolly,Laure Morel;10.1016/j.indmarman.2016.12.004;industrial marketing management;NA;NA;Elsevier;NA;en;https://hal-rennes-sb.archives-ouvertes.fr/hal-02004389;NA
2017;ART;Key challenges and requirements for sustainable and industrialized biorefinery supply chain design and management: A bibliographic analysis;Andrea Teresa Espinoza Pérez,Mauricio Camargo,Paulo César Narváez Rincón,Miguel Alfaro Marchant;10.1016/j.rser.2016.11.084;renewable and sustainable energy reviews;NA;NA;Elsevier;NA;en;https://hal.archives-ouvertes.fr/hal-01838483;NA
2017;ART;Sustainability assessment to support governmental biodiesel policy in Colombia: A system dynamics model;A. Espinoza,S. Bautista,P.C. Narváez,M. Alfaro,M. Camargo;10.1016/j.jclepro.2016.09.168;journal of cleaner production;Q1;NA;Elsevier;NA;en;https://hal.archives-ouvertes.fr/hal-01838698;173
2017;COMM;Definition and verification of functional safety concepts for the definition of safe logical architectures;Pierre Mauborgne,Eric Bonjour,Christophe Perrard,Samuel Deniaud,Eric Levrat,Jean-Pierre Micaëlli,Dominique Loise;NA;NA;NA;NA;NA;8th International Conference on Complex Systems Design & Management, CSD&M’17;en;https://hal.archives-ouvertes.fr/hal-02984917;NA
2017;COMM;An Organizational Model to Understand the Creativity Workshop;Pedro Barrios,Davy Monticolo,Sahbi Sidhom,Alex Gabriel;10.1109/SITIS.2017.87;NA;NA;NA;NA;SITIS - The 13th International Conference on SIGNAL IMAGE TECHNOLOGY & INTERNET BASED SYSTEMS;en;https://hal.inria.fr/hal-01713737;NA
2017;COMM;Virtual Reality and Recommendation System to Design Mobility System;Alex Gabriel,Mario Ortiz;10.1109/SITIS.2017.86;NA;NA;NA;NA;2017 13th International Conference on Signal-Image Technology & Internet-Based Systems (SITIS);en;https://hal.archives-ouvertes.fr/hal-03066106;NA
2017;COMM;Le concept du Green Fablab: une approche distribuée pour le recyclage de polymères en circuit-court dans le cadre de la fabrication additive open-source;Fabio Cruz,Hakim Boudaoud,Sandrine Hoppe,Mauricio Camargo;NA;NA;NA;NA;NA;15ème Congrès de la Société Française de Génie des Procédés (SFGP);en;https://hal.archives-ouvertes.fr/hal-02518997;NA
2017;COMM;The determination of functional safety concept coupled with the definition of functional architecture: A framework of analysis from the automotive industry;Pierre Mauborgne,Samuel Deniaud,Eric Levrat,Eric Bonjour,Jean-Pierre Micaelli,Dominique Loise;NA;NA;NA;NA;NA;20th IFAC World Congress, IFAC 2017;en;https://hal.archives-ouvertes.fr/hal-01567444;NA
2017;COMM;L’optimisation multi-échelle appliquée a l’analyse prospective d’une filière produit;Brunelle Marche,Vincent Boly,Frédérique Mayer,Laure Morel;NA;NA;NA;NA;NA;16ème Congrès de la Société Française de Génie des Procédés;fr;https://hal.archives-ouvertes.fr/hal-01891094;NA
2017;COMM;Collaborative Innovation Projects Engaging open communities: a Case Study on Emerging Challenges;Laurent Dupont,Alex Gabriel,Mauricio Camargo,Claudine Guidat;10.1109/ICE.2017.8280002;NA;NA;NA;NA;23rd ICE/IEEE International Conference on Technology, Management and Innovation;en;https://hal.archives-ouvertes.fr/hal-01582548;NA
2017;COMM;A review of methods for modelling shared decision-making process in a smart city living lab;Tran Thi Hoang Giang,Mauricio Camargo,Laurent Dupont,Frédérique Mayer;10.1109/ICE.2017.8279888;NA;NA;NA;NA;2017 International Conference on Engineering, Technology and Innovation (ICE/ITMC);en;https://hal.univ-lorraine.fr/hal-01723983;NA
2017;COMM;“Smarterized” urban project process with living lab approach: Exploration through a case study;Jonathan Lacroix,Laurent Dupont,Claudine Guidat;10.1109/ICE.2017.8279939;NA;NA;NA;NA;2017 International Conference on Engineering, Technology and Innovation (ICE/ITMC);en;https://hal.univ-lorraine.fr/hal-01723984;NA
2017;COMM;Innovative product's supply chain: How to model it;Brunelle Marche,Vincent Boly,Laure Morel,Frédérique Mayer,J. Roland Ortt;10.1109/ICE.2017.8279887;NA;NA;NA;NA;2017 International Conference on Engineering, Technology and Innovation (ICE/ITMC);en;https://hal.archives-ouvertes.fr/hal-01838119;NA
2017;COMM;ISO 50500 series innovation management: overview and potential usages in organizations;Alice de Casanove,Laure Morel,Stéphane Négny;NA;NA;NA;NA;NA;ISPIM;en;https://hal.univ-lorraine.fr/hal-01624970;NA
2017;COMM;Semantic Approach to Analyze Creativity Corpus;Davy Monticolo,Alex Gabriel,Pedro Chavez;10.1145/3089871.3089897;NA;NA;NA;NA;the 2017 International Conference on Data Mining, Communications and Information Technology;en;https://hal.archives-ouvertes.fr/hal-03066092;NA
2017;COMM;SMEs facing the challenge of innovation and export: Proposal for a joint assessment tool\, the Potential Export and Innovation Index (PE2I).;Manon Enjolras,Mauricio Camargo,Christophe Schmitt;NA;NA;NA;NA;NA;IAMOT 2017. Conference Proceedings of the 26th International Conference on Management of Technology;en;https://hal.archives-ouvertes.fr/hal-02492167;NA
2017;COMM;Living Lab\, Fab Lab : lieux ouverts de la culture scientifique.;Laurent Dupont;NA;NA;NA;NA;NA;Journées internationales de la culture scientifique (Science & You) - ACFAS;fr;https://hal.univ-lorraine.fr/hal-01723991;NA
2017;COMM;Prise en compte des problèmes inter-métiers lors de l’introduction d’une innovation liée à l’industrie 4.0 : intégration à un processus de conception d’offre,Consideration of inter-trades issues when introducing an innovation related to Industry 4.0: integration to a specification and offer design process;Emilie Bonnetto,Bernard Yannou,Gwenola Yannou-Le Bris,Vincent Boly;NA;NA;NA;NA;NA;Congrès International de Géne Industriel (CIGI);fr;https://hal.archives-ouvertes.fr/hal-01673542;NA
2017;COMM;Integration of technology management\, prospective and innovation strategy: the case of a luminaire manufacturer;Brunelle Marche,Vincent Boly,Mauricio Camargo;NA;NA;NA;NA;NA;IAMOT;en;https://hal.archives-ouvertes.fr/hal-01891048;NA
2017;COMM;The green Fablab concept: a local and distributed recycling approach for open source additive manufacturing;Fabio Cruz Sanchez,Hakim Boudaoud,Sandrine Hoppe,Mauricio Camargo;NA;NA;NA;NA;NA;2nd Journée de l’innovation Abbé Grégoire (JAG);en;https://hal.archives-ouvertes.fr/hal-02519011;NA
2017;COMM;ICE Breaking: Disentangling Factors Affecting the Performance of Immersive Co-creation Environments;Marc Pallot,Laurent Dupont,Olivier Christmann,Vincent Boly,Laure Morel,Richir Simon;NA;NA;NA;NA;NA;Laval Virtual - Virtual Reality International Congress (VRIC) '17;en;https://hal.univ-lorraine.fr/hal-01723989;NA
2017;COMM;Retour d'expérience sur la co-conception de l'éco-quartier urbain Nancy Grand Cœur;Laurent Dupont;NA;NA;NA;NA;NA;"Séminaire LQE - Journée ""Urbanisme durable - Animer, concerter, faire participer""";fr;https://hal.univ-lorraine.fr/hal-01723992;NA
2017;COUV;Conceptual Framework of an Intelligent System to Support Creative Workshops;Alex Gabriel,Davy Monticolo,Mauricio Camargo,Mario Bourgault;10.1007/978-3-319-56593-4_11;NA;NA;NA;NA;NA;en;https://hal.archives-ouvertes.fr/hal-03066144;NA
2017;COUV;An Integrated Methodology for Emulsified Cosmetic Product Formulation Using Integer Programming with Logical Constraints;Javier Arrieta-Escobar,Fernando Bernardo,Alvaro Orjuela,Mauricio Camargo,Laure Morel;10.1016/B978-0-444-63965-3.50166-5;NA;NA;NA;NA;NA;en;https://hal.archives-ouvertes.fr/hal-02017276;NA
2017;DOUV;Ingénierie entrepreneuriale : regards croisés pour innover et créer de la valeur;Laure Morel,Christophe Schmitt;NA;NA;NA;NA;NA;NA;fr;https://hal.univ-lorraine.fr/hal-02537774;NA
2017;OTHER;Un FabLab\, ça sert à quoi ? The Conversation;Laurent Dupont,Laure Morel,Pascal Lhoste;NA;NA;NA;NA;NA;NA;fr;https://hal.univ-lorraine.fr/hal-01736697;NA
2017;OTHER;LF2L : une invitation à innover;l'équipe Thi'Journal,Laurent Dupont;NA;NA;NA;NA;NA;NA;fr;https://hal.univ-lorraine.fr/hal-01736700;NA
2017;REPORT;"Livrable Final "" Linky by Makers "" Productions scientifiques et techniques - Période Janvier 2017 à Juin 2017";Laurent Dupont,Alex Gabriel,Mauricio Camargo;NA;NA;NA;NA;NA;NA;fr;https://hal.univ-lorraine.fr/hal-01723993;NA
2017;REPORT;Livrable 2B du projet DIACLIMAP (DIAgnostic CLImatique des quartiers urbains pour une Méthodologie d'Assistance à la Planification),Deliverable 2B of the DIACLIMAP project (CLImatic DIAgnostic of Urban Districts for a Planning Assistance Methodology);Laurent Dupont,Olivier Chery;NA;NA;NA;NA;NA;NA;fr;https://hal.archives-ouvertes.fr/hal-02568255;NA
2017;THESE;Biorefinery supply chain design optimization under sustainability dimensions,Optimisation de la conception de la chaîne d’approvisionnement pour une bioraffinerie durable;Andrea Teresa Espinoza Pérez;NA;NA;NA;NA;NA;NA;en;https://tel.archives-ouvertes.fr/tel-01816267;NA
2017;THESE;Intégration du point de vue de l'usager et du citoyen dans le processus d'innovation,How to integrate users and citizens in innovation process ?;Julien Hubert;NA;NA;NA;NA;NA;NA;fr;https://hal.univ-lorraine.fr/tel-01759585;NA
2016;ART;Biodiesel-triple bottom line (TBL): A new hierarchical sustainability assessment framework of principles criteria & indicators (PC&I) for biodiesel production. Part II-validation;Sandra Bautista,M. Enjolras,P. Narvaez,Mauricio Camargo,Laure Morel;10.1016/j.ecolind.2016.04.046;ecological indicators;NA;Q1;Elsevier;NA;en;https://hal.univ-lorraine.fr/hal-01522500;113
2016;ART;Frugal Innovation or Frugal Renovation: How can Western Designers adopt Frugal Engineering?;Jean-Pierre Micaelli,Joëlle Forest,Joelle Forest,Eric Bonjour,Dominique Loise;10.3917/jie.021.0039;journal of innovation economics & management;NA;NA;De Boeck Supérieur;NA;en;https://hal-univ-lyon3.archives-ouvertes.fr/hal-01386630;NA
2016;ART;Multi-criteria decision analysis for the selection of sustainable chemical process routes during early design stages;Juliana Serna,Esneider Díaz Martinez,Paulo Narváez Rincón,Mauricio Camargo,Daniel Galvez,Elvaro Orjuela;10.1016/j.cherd.2016.07.001;chemical engineering research and design;NA;NA;Elsevier;NA;en;https://hal.archives-ouvertes.fr/hal-01839033;NA
2016;ART;Creativity support systems: A systematic mapping study;Alex Gabriel,Davy Monticolo,Mauricio Camargo,Mario Bourgault;10.1016/j.tsc.2016.05.009;thinking skills and creativity;NA;NA;Elsevier;NA;en;https://hal.univ-lorraine.fr/hal-01522503;NA
2016;ART;Operational and system hazard analysis in a safe systems requirement engineering process – Application to automotive industry;Pierre Mauborgne,Samuel Deniaud,Eric Levrat,Eric Bonjour,Jean-Pierre Micaëlli,Dominique Loise;10.1016/j.ssci.2016.04.011;safety science;Q1;NA;Elsevier;NA;en;https://hal.archives-ouvertes.fr/hal-01321071;100
2016;ART;Sensitivity analysis of the damping properties of viscoelastic composite structures according to the layers thicknesses;Komlan Akoussan,Hakim Boudaoud,El Mostafa Daya,Yao Koutsawa,Erasmo Carrera;10.1016/j.compstruct.2016.03.061;composite structures;Q1;NA;Elsevier;NA;en;https://hal.univ-lorraine.fr/hal-01522504;143
2016;ART;An acceptability estimation and analysis methodology based on Bayesian networks;Giovanny Arbelaez Garces,Auguste Rakotondranaivo,Eric Bonjour;10.1016/j.ergon.2016.02.005;international journal of industrial ergonomics;NA;NA;Elsevier;NA;en;https://hal.univ-lorraine.fr/hal-01522502;NA
2016;ART;Biodiesel-TBL plus : A new hierarchical sustainability assessment framework of PC&I for biodiesel production - Part I;Sandra Bautista,P. Narvaez,Mauricio Camargo,Olivier Chery,Laure Morel;10.1016/j.ecolind.2015.06.020;ecological indicators;NA;Q1;Elsevier;NA;en;https://hal.univ-lorraine.fr/hal-01522499;113
2016;ART;Improving users' product acceptability: an approach based on Bayesian networks and a simulated annealing algorithm;Giovanny Arbelaez Garces,Auguste Rakotondranaivo,Eric Bonjour;10.1080/00207543.2016.1156183;international journal of production research;Q1;Q1;Taylor & Francis;NA;en;https://hal.univ-lorraine.fr/hal-01522501;125
2016;ART;Cost and efficiency assessment during deep energy refurbishment strategies: A case-study-based methodology;Lamia Brissel,Laurent Dupont,Laure Morel,Claudine Guidat;NA;international journal of energy, environment, economics;NA;NA;Nova Science Publishers;NA;en;https://hal.archives-ouvertes.fr/hal-01332552;NA
2016;ART;From descriptive customer data to need definition: a formalised approach;Vincent Boly,Laure Morel,Mauricio Camargo,Helmi Ben Rejeb;10.1504/IJPD.2016.10004476;international journal of product development;NA;NA;Inderscience;NA;en;https://hal.archives-ouvertes.fr/hal-01891121;NA
2016;ART;Improving the idea selection process in creative workshops through contextualisation;Alex Gabriel,Mauricio Camargo,Davy Monticolo,Vincent Boly,Mario Bourgault;10.1016/j.jclepro.2016.05.039;journal of cleaner production;Q1;NA;Elsevier;NA;en;https://hal.univ-lorraine.fr/hal-01522693;173
2016;ART;SMEs’ Innovation and Export Capabilities: Identification and Characterization of a Common Space Using Data Spatialization;Manon Enjolras,Mauricio Camargo,Christophe Schmitt;10.4067/S0718-27242016000200006;journal of technology management and innovation;NA;NA;Universidad Alberto Hurtado;NA;en;https://hal.univ-lorraine.fr/hal-02365821;NA
2016;COMM;Ontology to Represent the Knowledge Domain of a Creative Workshop;Alex Gabriel,Davy Monticolo,Mauricio Camargo,Mario Bourgault;10.1109/SITIS.2016.102;NA;NA;NA;NA;2016 12th International Conference on Signal-Image Technology & Internet-Based Systems (SITIS);en;https://hal.archives-ouvertes.fr/hal-03066129;NA
2016;COMM;Le lien entre innovation et exportation en PME\, Proposition d’un nouveau paradigme pour comprendre cette relation;Manon Enjolras,Christophe Schmitt,Mauricio Camargo;NA;NA;NA;NA;NA;13e Congrès international francophone en entrepreneuriat et PME (CIFEPME);fr;https://hal.univ-lorraine.fr/hal-02365971;NA
2016;COMM;“Empowering everyone to innovate”\, Sharing vision(s) and practices of how to achieve it through collaboratories.;Brigitte Trousse,Arthur Serra,Virginie Zingraff,Laurent Dupont;NA;NA;NA;NA;NA;Open Living Labs Days;en;https://hal.univ-lorraine.fr/hal-01736667;NA
2016;COMM;New product acceptability evaluation and improvement model with knowledge reuse**This work is financed by a grant from the French Ministry of Higher Education and Research (Ministere de l’Enseignement superieur et de 1a Recherche\, MESR).;Giovanny Arbelaez Garces,Eric Bonjour,Auguste Rakotondranaivo;10.1016/j.ifacol.2016.07.639;NA;NA;NA;NA;8th IFAC Conference on Manufacturing Modeling, Management & Control;en;https://hal.univ-lorraine.fr/hal-01523218;NA
2016;COMM;L’innovation numérique\, facteur de développement des territoires ruraux;Laurent Dupont;NA;NA;NA;NA;NA;Défis numériques des territoires ruraux. Infrastructures et usages. Regards croisés en Grande Région;fr;https://hal.univ-lorraine.fr/hal-01736671;NA
2016;COMM;Understanding Museum visitors' experience through an Eye-tracking study and a Living Lab approach;Paola Patricia Parra Morantes,Sonia Andrea Peñarete,Giovanny Arbelaez Garces,Mauricio Camargo,Laurent Dupont;10.1109/ICE/ITMC39735.2016.9025900;NA;NA;NA;NA;22nd ICE/IEEE International Technology Management Conference;en;https://hal.univ-lorraine.fr/hal-02083876;NA
2016;COMM;Use as essential factor for Technology Adoption: Case study of electric vehicle’s uses in French regional Ecosystem;Julien Hubert,Laurent Dupont,Claudine Guidat;10.1109/ICE/ITMC39735.2016.9026122;NA;NA;NA;NA;2016 International Conference on Engineering, Technology and Innovation/IEEE lnternational Technology Management Conference (ICE/ITMC};en;https://hal.archives-ouvertes.fr/hal-02510621;NA
2016;COMM;Exploring the Appropriateness of Different Immersive Environments in the Context of an Innovation Process for Smart Cities;Laurent Dupont,Laure Morel,Marc Pallot;10.1109/ICE/ITMC39735.2016.9025965;NA;NA;NA;NA;22nd ICE/IEEE International Technology Management Conference;en;https://hal.archives-ouvertes.fr/hal-01331887;NA
2016;COMM;Observing innovation impacts on supply chain: the case of the Swatch;Brunelle Marche,Vincent Boly,J. Ortt;NA;NA;NA;NA;NA;International Conference on Engineering, Technology & Innovation;en;https://hal.archives-ouvertes.fr/hal-01891266;NA
2016;COMM;Dealing with acceptability of innovative solutions for active travels in urban environment : Proposition of a sensory-emotional approach as a cornerstone of user experience design;Aline Convolte,Frédérique Mayer,Claudine Guidat,Vuillemin Anne;10.1109/ICE/ITMC39735.2016.9026153;NA;NA;NA;NA;2016 International Conference on Engineering, Technology and Innovation/IEEE lnternational Technology Management Conference (ICE/ITMC};en;https://hal.univ-lorraine.fr/hal-02918803;NA
2016;COMM;A categorization of customer concerns for an OT front-end of innovation process in an IT/OT convergence context;Emilie Bonnetto,Bernard Yannou,Gwenola Bertoluci,Vincent Boly,Jorge Alvarez;NA;NA;NA;NA;NA;International Design Conference;en;https://hal.archives-ouvertes.fr/hal-01448844;NA
2016;COMM;SMEs’ Innovation and Export Capabilities: Toward a common Conceptual Framework;Manon Enjolras,Mauricio Camargo,Christophe Schmitt;NA;NA;NA;NA;NA;IAMOT 2016. Conference Proceedings of the 25th International Conference on Management of Technology;en;https://hal.archives-ouvertes.fr/hal-02492178;NA
2016;COMM;OBSERVING NEW PRODUCT IMPACTS ON SECTORS VALUE CHAINS: THE CASE OF A FRENCH ELECTRONIC SME;Brunelle Marche,Vincent Boly,Roland Ortt;NA;NA;NA;NA;NA;IAMOT;en;https://hal.archives-ouvertes.fr/hal-01891016;NA
2016;COMM;Spaces to foster and sustain innovation: Towards a conceptual framework;Ferney Osorio Bustamante,José-Ismael Pena Reyes,Mauricio Camargo,Laurent Dupont;10.1109/ICE.2015.7438661;NA;NA;NA;NA;2015 IEEE International Conference on Engineering, Technology and Innovation/ International Technology Management Conference (ICE/ITMC);en;https://hal.archives-ouvertes.fr/hal-01332445;NA
2016;COMM;Sustainability evaluation of a circulating fluidized bed boiler using Target‐Centred Design;Olivier Chery,Mohammad Reza Mehrabani Golzar,Vincent Boly;NA;NA;NA;NA;NA;21st Chemical and process engineering. International congress - CHISA 2014;en;https://hal.univ-lorraine.fr/hal-01522877;NA
2016;COUV;De la connaissance de soi à la compréhension de l'autre;Raphaël Bary,Martine Tani;NA;NA;NA;NA;NA;NA;fr;https://hal.univ-lorraine.fr/hal-01960316;NA
2016;COUV;Démocratisation de la fabrication additive : impression 3D et FabLabs;Hakim Boudaoud,Vincent Boly;NA;NA;NA;NA;NA;NA;fr;https://hal.univ-lorraine.fr/hal-01960303;NA
2016;COUV;De l’expérience aux compétences en langues : le rôle des écrits réflexifs dans le processus d’autonomisation des étudiants;Maud Ciekanski,Sophie Bailly,Anne Chateau,Peggy Candas,R. Bary,M. Rees;NA;NA;NA;NA;NA;NA;fr;https://hal.archives-ouvertes.fr/hal-02378279;NA
2016;COUV;La paradigme de la complexité pour aborder le lien entre innovation et exportation en PME;Manon Enjolras,Christophe Schmitt,M Camargo;NA;NA;NA;NA;NA;NA;fr;https://hal.univ-lorraine.fr/hal-02537778;NA
2016;DOUV;Complex Systems Design & Management;Gérard Auvray,Jean-Claude Bocquet,Eric Bonjour,Daniel Krob;NA;NA;NA;NA;NA;Sixth International Conference on Complex Systems Design & Management, CSD&M 2015;en;https://hal.univ-lorraine.fr/hal-01959506;NA
2016;DOUV;Fab Labs : L’usager Innovateur;Laure Morel,Serge Le Roux;NA;NA;NA;NA;NA;NA;fr;https://hal.univ-lorraine.fr/hal-01960097;NA
2016;DOUV;Ingénierie de l’innovation;Vincent Boly,Mauricio Camargo,Laure Morel;NA;NA;NA;NA;NA;NA;fr;https://hal.univ-lorraine.fr/hal-01960108;NA
2016;OTHER;A la une : Nancy Grand Cœur se distingue par son approche de la mobilité;Malika Dati,Frédéric Chastanier,Laurent Dupont;NA;transflash;NA;NA;Cerema;NA;fr;https://hal.univ-lorraine.fr/hal-01736701;NA
2016;THESE;Analyse des mécanismes de captation et d’exploitation des connaissances pour accompagner l’innovation,Analysis of knowledge capture and exploitation mechanisms to support innovation;Hélène Gitchenko;NA;NA;NA;NA;NA;NA;fr;https://tel.archives-ouvertes.fr/tel-01736435;NA
2016;THESE;Methodological proposition to evaluate polymer recycling in open-source additive manufacturing contexts,Proposition d'une approche méthodologique permettant d'évaluer le recyclage des polymères dans un contexte de fabrication additive open-source;Fabio Alberto Cruz Sanchez;NA;NA;NA;NA;NA;NA;en;https://tel.archives-ouvertes.fr/tel-01668459;NA
2016;THESE;Gestion des connaissances lors d’un processus collaboratif de créativité,Knowledge management during a collaborative creative process;Alex Gabriel;NA;NA;NA;NA;NA;NA;fr;https://tel.archives-ouvertes.fr/tel-01529769;NA
2016;THESE;Méthodologie d’analyse de la capacité à innover et à exporter des PME manufacturières et de procédés : identification et caractérisation d'un espace commun en vue de l'élaboration d'un outil multicritères d'aide à la décision,Methodology for analyzing the innovation and export capabilities of SMEs working in the manufacturing and process sector : Identification and characterization of a conceptual common space with a view to building a multicriteria decision-making tool;Manon Enjolras;NA;NA;NA;NA;NA;NA;fr;https://tel.archives-ouvertes.fr/tel-01495036;NA
2016;THESE;Intégration des préférences des parties prenantes et amélioration de l'acceptabilité lors du processus de co-conception : application au système de santé,Integration of stakeholders' preferences in the co-design process: application in the healthcare system;Giovanny Alberto Arbelaez Garces;NA;NA;NA;NA;NA;NA;fr;https://hal.univ-lorraine.fr/tel-01752264;NA
2016;THESE;Vers une ingénierie de systèmes sûrs de fonctionnement basée sur les modèles en conception innovante,Towards a Safe Systems Engineering;Pierre Mauborgne;NA;NA;NA;NA;NA;NA;fr;https://tel.archives-ouvertes.fr/tel-01497964;NA
