Url;Title;Authors;Type.document;DOI;Year;Journal;Publisher;Conference;Language
https://hal.archives-ouvertes.fr/hal-02520650;Thermoplastic elastomer filaments for multi-polymer structures by fused deposition modeling;Jennifer Villamil,A El Akroud,Sandrine Hoppe,Hakim Boudaoud,Cécile Nouvel;POSTER;;2020;;;, 48ème International Colloquium of the French Polymer Society GFP;en
https://hal.archives-ouvertes.fr/hal-02984932;Safety assessment of scenarios for the simulation-based validation process of AV with regards to its functional insufficiencies;Tchoya Florence Koné,Eric Bonjour,Eric Levrat,Frédérique Mayer,Stéphane Géronimi;COMM;;2020;;;30th European Safety and Reliability Conference and 15th Probabilitic Safety Assessment and Management Conference, ESREL 2020 PSAM 15;en
https://hal.univ-lorraine.fr/hal-02917327;3D printing: An emerging opportunity for soil science;Javier Arrieta-Escobar,Delphine Derrien,Stéphanie Ouvrard,Elnaz Asadollahi-Yazdi,Alaa Hassan,Vincent Boly,Anne-Julie Tinet,Marie-France Dignac;ART;10.1016/j.geoderma.2020.114588;2020;Geoderma;;;en
https://hal.archives-ouvertes.fr/hal-02942122;Design Thinking to Enhance Requirements Analysis in Systems Engineering;J. Batista,A. Hassan,E. Bonjour;COMM;10.1017/dsd.2020.257;2020;;;DESIGN 2020;en
https://hal.univ-lorraine.fr/hal-03005576;Gestion informatisée des lits : état des lieux et analyse a priori des impacts multicritères.;Auguste Rakotondranaivo,Sophie Pottier;COMM;;2020;;;10ème conférence francophone en Gestion et Ingénierie des Systèmes Hospitaliers;fr
https://hal.univ-lorraine.fr/hal-03000609;Evaluating Innovation and Export Capabilities of SMEs: Toward a Multi-Criteria Decision-Making Methodology;Manon Enjolras,Mauricio Camargo,Christophe Schmitt;ART;;2020;Journal of Technology Management and Innovation;Universidad Alberto Hurtado;;en
https://hal.archives-ouvertes.fr/hal-02962107;Multi-criteria Optimization for the Design and Operation of Distributed Energy Systems Considering Sustainability Dimensions;Juan Fonseca,Jean-Marc Commenge,Mauricio Camargo,Laurent Falk,Iván Gil;ART;10.1016/j.energy.2020.118989;2020;Energy;Elsevier;;en
https://hal.univ-lorraine.fr/hal-03005570;Decision support tool for the food supply chain to prevent undernutrition in the elderly at home;Auguste Rakotondranaivo,Christine Miro,Sarah Ferhah,Nathalie Rouyer;COMM;;2020;;;SHeIC 2020 : Smart Health International Conference;en
https://hal.archives-ouvertes.fr/hal-02940313;An Approach Based on Bayesian Network for Improving Project Management Maturity: An Application to Reduce Cost Overrun Risks in Engineering Projects;Felipe Sanchez,Eric Bonjour,Jean-Pierre Micaelli,Davy Monticolo;ART;10.1016/j.compind.2020.103227;2020;Computers in Industry;Elsevier;;en
https://hal.archives-ouvertes.fr/hal-02560191;Plastic recycling in additive manufacturing: a systematic literature review and opportunities for the circular economy;Fabio Cruz Sanchez,Hakim Boudaoud,Mauricio Camargo,Joshua Pearce;ART;10.1016/j.jclepro.2020.121602;2020;Journal of Cleaner Production;Elsevier;;en
https://hal.inria.fr/hal-02974679;Définition d'une méthodologie d'indexation de documents textuels par étiquetage de séquences : application aux offres d'emploi;H Ramdani,A Brun,E Bonjour,D Monticolo;COMM;;2020;;;Conférence Nationale sur les Applications Pratiques de l’Intelligence Artificielle - APIA 2020;fr
https://hal.univ-lorraine.fr/hal-02941618;Designing interactive museum visitors' experience using a Fab Living Lab platform: the Museum-Aquarium of Nancy case;Ievgeniia Ten,Giovanny Arbelaez-Garces,Laurent Dupont;COMM;10.1109/ICE/ITMC49519.2020.9198641;2020;;;2020 IEEE International Conference on Engineering, Technology and Innovation (ICE/ITMC);en
https://hal.archives-ouvertes.fr/hal-02941900;Connecting the strategic intent of innovation labs and projects: the case of the Green Fablab;Thibaut Roux-Marchand,Fabio Cruz,Laurent Dupont,Mauricio Camargo,Ferney Osorio;COMM;10.1109/ICE/ITMC49519.2020.9198320;2020;;;2020 IEEE International Conference on Engineering, Technology and Innovation (ICE/ITMC);en
https://hal.archives-ouvertes.fr/hal-02884574;Applying a Living Lab Approach to Smart Grid Training Course Design;Alex Gabriel,Laurent Dupont,Mauricio Camargo,Kévin Berger,Valerie Rault,Frédérique Mayer;COMM;10.1109/ICE/ITMC49519.2020.9198604;2020;;;26th ICE / IEEE ITMC International Conference on Engineering, Technology & Innovation;en
https://hal.archives-ouvertes.fr/hal-02568984;Analysis and Improvement of an Innovative Solution Through Risk Reduction: Application to Home Care for the Elderly;Linda Acosta Salgado,Auguste Rakotondranaivo,Eric Bonjour;ART;10.25046/aj050321;2020;Advances in Science, Technology and Engineering Systems Journal;Advances in Science Technology and Engineering Systems Journal (ASTESJ);;en
https://hal.archives-ouvertes.fr/hal-02446563;Sustainable risk management strategy selection using a fuzzy multi-criteria decision approach;Abla Mimi Edjossan-Sossou,Daniel Galvez,Olivier Deck,Marwan Al Heib,Thierry Verdel,Laurent Dupont,Olivier Chery,Mauricio Camargo,Laure Morel;ART;10.1016/j.ijdrr.2020.101474;2020;International Journal of Disaster Risk Reduction;Elsevier;;en
https://hal.archives-ouvertes.fr/hal-02564895;Digitalization and SMEs’ Export Management: Impacts on Resources and Capabilities;Benjamin Dethine,Manon Enjolras,Davy Monticolo;ART;10.22215/timreview/1344;2020;Technology Innovation Management Review;Talent First Network;;en
https://hal.archives-ouvertes.fr/hal-02564902;How do Institutions Promote Digital Marketing in Small and Medium International Companies: Comparison between Costa Rica and France;Karen Victoria Herrera Carpio,Susan Arce,Manon Enjolras,Mauricio Camargo;ART;10.22215/timreview/1347;2020;Technology Innovation Management Review;Talent First Network;;en
https://hal.archives-ouvertes.fr/hal-02560198;Mechanical Properties of Direct Waste Printing of Polylactic Acid with Universal Pellets Extruder: Comparison to Fused Filament Fabrication on Open-Source Desktop Three-Dimensional Printers;Arthur Alexandre,Fabio Cruz Sanchez,Hakim Boudaoud,Mauricio Camargo,Joshua Pearce;ART;10.1089/3dp.2019.0195;2020;3D Printing and Additive Manufacturing;Mary Ann Liebert Inc.;;en
https://hal.archives-ouvertes.fr/hal-02551341;Physiological assessment of User eXprience supported by Immersive Environments: First input from a literature review;Mariela Martinez,Giovanny Arbelaez Garces,Laurent Dupont,Anaëlle Hily,Mauricio Camargo,Christel Jacob,Jérôme Dinet;COMM;;2020;;;ConVRgence (VRIC) Virtual Reality International Conference;en
https://hal.univ-lorraine.fr/hal-02565428;Development of an IMU-based ergonomics assessment tool for virtual reality;Giovanny Arbelaez Garces,Julien Michaux,Mauricio Camargo,Nicolas Ferveur;COMM;10.20870/IJVR.2020...3316;2020;;;ConVRgence (VRIC) Virtual Reality International Conference Proceedings;en
https://hal.archives-ouvertes.fr/hal-02553833;Reliability of virtual reality for user experience in spatial cognition: an exploratory approach;Anaëlle Hily,Christel Jacob,Laurent Dupont,Giovanny Arbelaez,Jérôme Dinet,Mauricio Camargo;COMM;;2020;;;ConVRgence (VRIC) Virtual Reality International Conference 2020;en
https://hal.archives-ouvertes.fr/hal-02500528;From technological demonstrator to sustainable supply chain demonstrator: a conceptual framework;Brunelle Marche,Fedoua Kasmi,Fabio Sanchez,Frédérique Mayer,Laurent Dupont;COMM;;2020;;;Spring of Innovation;en
https://hal.archives-ouvertes.fr/hal-02398793;Closed loop supply chain network for local and distributed plastic recycling for 3D printing: a MILP-based optimization approach;Pavlo Santander,Fabio Cruz Sanchez,Hakim Boudaoud,Mauricio Camargo;ART;10.1016/j.resconrec.2019.104531;2020;Resources, Conservation and Recycling;Elsevier;;en
https://hal.archives-ouvertes.fr/hal-02560166;Challenges and trends in the valuation of ecosystem services in agro-ecosystems: a systematic revision;Vadimir Melgarejo-Carreno,Sandra Cecilia Bautista Rodríguez,Mauricio Camargo;ART;;2020;Tropical and Subtropical Agroecosystems;;;en
https://hal.univ-lorraine.fr/hal-02507196;Living lab organization and practices as useful tools to stimulate innovation in forestry practices;Maxence Arnould,Laure Morel,Meriem Fournier;COMM;;2020;;;Governing and managing forests for multiple ecosystem services across the globe;en
https://hal.archives-ouvertes.fr/hal-02487442;System control of situations perceived by their simplexity: case-study and open-issues;Frédérique Mayer,Jean-Marc Dupont,David Gouyon,Eric Levrat,Jean-Pierre Hennebicq,Gérard Morel;UNDEFINED;;2020;;;;en
https://hal.archives-ouvertes.fr/hal-02878128;Les espaces Do It Yourself\, vivre ou survivre ?;Laurent Dupont,Laure Morel;OTHER;;2020;;;;fr
https://hal.univ-lorraine.fr/hal-02482689;Nouvelle dynamique des mélanges fluides continus Partie 1 : En relativité restreinte;C. Fonteix,Dimitrios Meimaroglou,M. Camargo,M. Feidt;UNDEFINED;;2020;;;;fr
https://hal.univ-lorraine.fr/hal-02482702;Nouvelle dynamique des mélanges fluides continus Part 2 : En relativité générale;C. Fonteix,Dimitrios Meimaroglou,M. Camargo,M. Feidt;UNDEFINED;;2020;;;;fr
https://hal.archives-ouvertes.fr/hal-02540404;Industrial Symbiosis and Territorial Development: The Cross-Fertilization of Proximity Dynamics and the Role of Information and Knowledge Flows;Fedoua Kasmi;ART;10.1007/s13132-020-00631-7;2020;Journal of the Knowledge Economy;Springer;;en
https://hal.archives-ouvertes.fr/hal-02878132;Collaborative spaces promoting creativity and innovation;Sophie Boutillier,Ignasi Capdevila,Laurent Dupont,Laure Morel;ART;10.3917/jie.031.0001;2020;Journal of Innovation Economics & Management;De Boeck Supérieur;;en
https://hal.archives-ouvertes.fr/hal-02446557;Espaces et nouvelles formes d’organisation du travail créatif;Sophie Boutillier,Ignasi Capdevila,Laurent Dupont,Laure Morel;ART;10.3917/inno.061.0005;2020;Innovations - Revue d’économie et de management de l'innovation;De Boeck Supérieur;;fr
https://hal.univ-lorraine.fr/hal-02877827;Dynamique des mélanges fluides continus Part 2 : bilans de quantité de mouvement\, d'énergie et d'entropie par constituant;Christian Fonteix,Michel Feidt,Mauricio Camargo;UNDEFINED;;2020;;;;fr
https://hal.univ-lorraine.fr/hal-02877862;Dynamique des mélanges fluides continus Part 3 : Nouvelle modélisation des forces d'interaction entre molécules et des non-linéarités de la diffusion;Christian Fonteix,Michel Feidt,Mauricio Camargo;UNDEFINED;;2020;;;;fr
https://hal.univ-lorraine.fr/hal-02877748;Dynamique des mélanges fluides continus Part 1 : Applications d’une nouvelle formulation du deuxième principe de la thermodynamique;C. Fonteix,M. Feidt,M. Camargo;UNDEFINED;;2020;;;;fr
https://hal.archives-ouvertes.fr/hal-02453808;Shaping a Public Innovation Laboratory in Bogota: Learning through Time\, Space and Stakeholders;Ferney Osorio,Laurent Dupont,Mauricio Camargo,Carlos Sandoval,José Ismael Peña;ART;10.3917/jie.pr1.0066;2020;Journal of Innovation Economics & Management;De Boeck Supérieur;;en
https://hal.archives-ouvertes.fr/hal-02845177;Towards an improved acceptability assessment model of innovative solutions in the design phase;Linda Acosta Salgado,Auguste Rakotondranaivo,Eric Bonjour;ART;10.1504/IJBIS.2020.10029802;2020;International Journal of Business Information Systems;Inderscience;;en
https://hal.archives-ouvertes.fr/hal-02427540;Safety demonstration of autonomous vehicles: a review and future research questions;Tchoya Florence Kone,Eric Bonjour,Eric Levrat,Frédérique Mayer,Stéphane Géronimi;COMM;10.1007/978-3-030-34843-4_15;2019;;;10th Complex Systems Design & Management, CSD&M 2019;en
https://hal.univ-lorraine.fr/tel-02518459;L’approche Urban Living Lab pour insuffler l’innovation en urbanisme ? Contribution à la conception d’une ingénierie de pilotage de l’innovation urbaine : application à l’Opération d’Intérêt National d’Alzette Belval,Inspire innovation into urban planning with Urban Living Lab approach? Contribution to the design of an urban innovation management engineering : application to the Opération d’Intérêt National d’Alzette Belval;Jonathan Lacroix;THESE;;2019;;;;fr
https://hal.archives-ouvertes.fr/hal-02984936;Challenges for autonomous vehicles (AVs) engineering: Safety validation of functional performance limitations;Tchoya Florence Koné,Eric Bonjour,Eric Levrat,Frédérique Mayer,Stéphane Géronimi;ART;10.1002/inst.12270;2019;INSIGHT - International Council on Systems Engineering (INCOSE);Wiley;;en
https://hal.archives-ouvertes.fr/hal-02423280;Review of the AFIS 2018 Academy-Industry meetings in Nancy -The celebration of the 20th anniversary of AFIS!;Eric Levrat,Eric Bonjour,David Gouyon,Pascale Marangé,Frédérique Mayer,Hervé Panetto,Jean-Claude Tucoulou;ART;10.1002/inst.12265;2019;INSIGHT - International Council on Systems Engineering (INCOSE);Wiley;;en
https://hal.archives-ouvertes.fr/hal-02500522;Economic and environmental sustainability dimensions assessment of a biorefinery to obtain value-added products using Poplar (Populus sp.) as raw material;Juan C. Solarte Toro,Carlos Ariel Cardona,Javier Arrieta-Escobar,Brunelle Marche,Vincent Boly;COMM;;2019;;;Woodchem 2019;en
https://hal.univ-lorraine.fr/tel-02555923;Supporting the transformation of a company's project management by elaborating an invariant-based project management maturity model and a causal predictive model between maturity criteria and project performance,Soutien à la transformation de la gestion de projet d'une entreprise par l'élaboration d'un modèle de maturité de gestion de projet et d'un modèle prédictif causal entre les critères de maturité et la performance du projet;Felipe Sanchez Garzon;THESE;;2019;;;;en
https://hal.archives-ouvertes.fr/hal-02500518;Approche prospectiviste dans la conception de filière alternative : Application au cas de la lignine;Brunelle Marche,Javier Arrieta-Escobar,Vincent Boly,Juan Solarte-Toro,Carlos Ariel Cardona Alzate;COMM;;2019;;;8èmes journées du GDR 3544 « Sciences du bois »;fr
https://hal.univ-lorraine.fr/tel-02517128;From “shared diagnosis” to “shared action” : how Living Lab process can support decision-making process involving citizen for Smart City,D’un « diagnostic partagé » à « l’action partagée » : comment le mode projet Living Lab peut alimenter le processus d’aide à la décision du « faire la ville » en intégrant les citoyens pour une ville intelligente;Tran Thi Hoang Giang;THESE;;2019;;;;en
https://hal.archives-ouvertes.fr/hal-02339889;Editorial - Special issue on System of Systems Engineering;Franck Davoine,Eric Bonjour;ART;10.1002/sys.21525;2019;Systems Engineering;Wiley;;en
https://hal.archives-ouvertes.fr/hal-02520335;Élaboration de filaments élastomère thermoplastiques pour l'impression de structures multi-polymères par dépôt de fil fondu;Sandrine Hoppe,Jennifer Villamil,A El Akroud,Hakim Boudaoud,Cécile Nouvel;COMM;;2019;;;17ème Congrès de la Société Française de Génie des Procédés (SFGP);fr
https://hal.archives-ouvertes.fr/hal-02500577;Integration of Heuristic Knowledge in the Design of a Skin Moisturizer;Javier Arrieta-Escobar,Vincent Boly;COMM;;2019;;;SKIN & FORMULATION, 5th SYMPOSIUM & 17th SKIN FORUM;en
https://hal.archives-ouvertes.fr/hal-02307769;Immersive Collaborative Innovation;Laurent Dupont,Giovanny Arbelaez Garces;COMM;;2019;;;Tohoku University / Lorraine University seminar - Health, Technology, and Humanities in the XXI Century;en
https://hal.archives-ouvertes.fr/hal-02942144;Interface modeling for product‐service system integration;Elaheh Maleki,Farouk Belkadi,Eric Bonjour,Ali Slayman,Alain Bernard;ART;10.1002/sys.21522;2019;Systems Engineering;Wiley;;en
https://hal.univ-lorraine.fr/tel-02499176;Design of information and technology tools to support the process of creativity and innovation,Conception d'outils d'information et de technologie pour soutenir le processus de créativité et d'innovation;Pedro Chávez Barrios;THESE;;2019;;;;en
https://hal.archives-ouvertes.fr/hal-02284566;Application of Decision-Making Methods in Smart City Projects: A Systematic Literature Review;Giang Tran Thi Hoang,Laurent Dupont,Mauricio Camargo;ART;10.3390/smartcities2030027;2019;Smart Cities;MDPI;;en
https://hal.archives-ouvertes.fr/hal-02367404;System‐centered specification of physico–physiological interactions of sensory perception;Jean-Marc Dupont,Frédérique Mayer,Fabien Bouffaron,Romain Lieber,Gérard Morel;COUV;10.1002/9781119644576;2019;;;;en
https://hal.archives-ouvertes.fr/hal-02520662;Specific adhesion test definition for 3D printed composite structures;A El Akroud,Jennifer Villamil,Sandrine Hoppe,Boudaoud Hakim,Cécile Nouvel;COMM;;2019;;;19èmes EMI International Conférence;en
https://hal.archives-ouvertes.fr/hal-02290507;Collaborer et coopérer pour faire réseau : dynamique collective d'enseignants en formation à l'accompagnement pédagogique;Raphaël Bary,Marie-Reine Boudarel;COMM;;2019;;;Questions de Pédagogies dans l'Enseignement Supérieur;fr
https://hal.univ-lorraine.fr/hal-03005579;Concevoir et innover la supply chain pour l’alimentation. Le cas des personnes âgées;Auguste Rakotondranaivo;COMM;;2019;;;PROLOG 2019: International Conference on Project Logistics;fr
https://hal.univ-lorraine.fr/hal-03005578;Application du Lean Six-Sigma pour l’amélioration la supply chain hospitalière et évaluation de son acceptabilité;Auguste Rakotondranaivo,Nathalie Rouyer,Eric Bonjour;COMM;;2019;;;PROLOG 2019: International Conference on Project Logistics;fr
https://hal.archives-ouvertes.fr/hal-02006063;Interfaces modeling for Product-Service System integration;Elaheh Maleki,Farouk Belkadi,Eric Bonjour,Alain Bernard;COMM;;2019;;;IEEE 2018 13th Annual Conference on System of Systems Engineering (SoSE);en
https://hal.univ-lorraine.fr/hal-02266212;A referential framework for the choice of prototypes in the design phase of a mobile application;Samuel Marie-Rose,Giovanny Arbelaez,Mauricio Camargo;COMM;10.1109/ICE.2019.8792568;2019;;;2019 IEEE International Conference on Engineering, Technology and Innovation (ICE/ITMC);en
https://hal.archives-ouvertes.fr/hal-02266922;Innovation Acceptability in Elderly Care: A Risk Evaluation Approach,Acceptabilité des innovations pour la prise en Charge des personnes âgées : une approche par l’évaluation de risques.;Linda Acosta Salgado,Auguste Rakotondranaivo,Eric Bonjour;COMM;;2019;;;2019 IEEE International Conference on Engineering, Technology and Innovation (ICE/ITMC);en
https://hal.archives-ouvertes.fr/hal-02266978;Constellation of Innovation Laboratories: A Scientific Outlook;Ferney Osorio,Laurent Dupont,Mauricio Camargo,José Ismael Peña;COMM;10.1109/ICE.2019.8792816;2019;;;2019 IEEE International Conference on Engineering, Technology and Innovation (ICE/ITMC);en
https://hal.archives-ouvertes.fr/hal-02267002;A systematic multicriteria-based approach to support the implementation of a Warehouse Management System in the context of humanitarian logistics;Puech Emilie,Enjolras Manon,Camargo Mauricio;COMM;;2019;;;2019 IEEE International Conference on Engineering, Technology and Innovation (ICE/ITMC);en
https://hal.univ-lorraine.fr/hal-02321804;A collaborative tool to design the product/supply chain couple in a high-tech environment: application to an electromagnetic sensor;Brunelle Marche,Vincent Boly,Frédérique Mayer,J. Roland Ortt;COMM;10.1109/ICE.2019.8792625;2019;;;2019 IEEE International Conference on Engineering, Technology and Innovation (ICE/ITMC);en
https://hal.univ-lorraine.fr/hal-02321814;The process of customer/supplier collaboration in innovation projects – A literature review;Carlos Abraham Moya,Vincent Boly,Daniel Galvez,Laure Morel,Brunelle Marche;COMM;10.1109/ICE.2019.8792642;2019;;;2019 IEEE International Conference on Engineering, Technology and Innovation (ICE/ITMC);en
https://hal.archives-ouvertes.fr/hal-02267003;The Link between Innovation and Export: Evidences from small-sized firms practices;Manon Enjolras,Mauricio Camargo,Vincent Boly,Christophe Schmitt;COMM;10.1109/ICE.2019.8792656;2019;;;2019 IEEE International Conference on Engineering, Technology and Innovation (ICE/ITMC);en
https://hal.archives-ouvertes.fr/hal-02168351;Proposal of a Harmonic Bees Algorithm for Design Optimization of a Gripper Mechanism;Osman Acar,Mete Kalyoncu,Alaa Hassan;COUV;10.1007/978-3-030-20131-9_280;2019;;;;en
https://hal.archives-ouvertes.fr/hal-02168355;Process and resource selection methodology in design for additive manufacturing;Shervin Kadkhoda-Ahmadi,Alaa Hassan,Elnaz Asadollahi-Yazdi;ART;10.1007/s00170-019-03991-w;2019;International Journal of Advanced Manufacturing Technology;Springer Verlag;;en
https://hal.archives-ouvertes.fr/hal-02151353;A green procurement methodology based on Kraljic Matrix for supplier`s evaluation and selection: a case study from the chemical sector;Felipe Sanchez Garzon,Manon Enjolras,Mauricio Camargo,Laure Morel;ART;10.1080/16258312.2019.1622446;2019;Supply Chain Forum: An International Journal;Kedge Business School;;en
https://hal.archives-ouvertes.fr/hal-02412591;Lorraine Fab Living Lab : Mise en place d'un éco-système de co-production;Laurent Dupont;COMM;;2019;;;"Rencontres semestrielles sur les liens entre la Ville et l’Université - Les Entretiens de Sceaux 2e session ""Territoire apprenant...  id est ?""";fr
https://hal.archives-ouvertes.fr/hal-02061928;Evaluating air quality by combining stationary\, smart mobile pollution monitoring and data-driven modelling;Adriana Simona Mihăiţă,Laurent Dupont,Olivier Chery,Mauricio Camargo,Chen Cai;ART;10.1016/j.jclepro.2019.02.179;2019;Journal of Cleaner Production;Elsevier;;en
https://hal.archives-ouvertes.fr/hal-02278907;Activity Modeling of Preliminary Additive Manufacturing Process Planning;Shervin Kadkhoda-Ahmadi,Alaa Hassan,Elnaz Asadollahi-Yazdi;COMM;;2019;;;CIRP Design;en
https://hal-univ-lyon3.archives-ouvertes.fr/hal-02166163;A Step for improving the transition between traditional Project Management to Agile Project Management;Felipe Sanchez Garzon,Jean-Pierre Micaëlli,Eric Bonjour,Davy Monticolo;ART;10.19255/JMPM01906;2019;The Journal of Modern Project Management;jmpm;;en
https://hal.univ-lorraine.fr/hal-01919436;Understanding user representations\, a new development path for supporting Smart City policy: Evaluation of the electric car use in Lorraine Region;Laurent Dupont,Julien Hubert,Claudine Guidat,Mauricio Camargo;ART;10.1016/j.techfore.2018.10.027;2019;Technological Forecasting and Social Change;Elsevier;;en
https://hal.archives-ouvertes.fr/hal-02194570;ValYooTrust : Plateforme de confiance et incitative pour l'innovation collaborative;Laurent Dupont,Eric Seuillet,Patrick Duvaut;COUV;;2019;;;;fr
https://hal.archives-ouvertes.fr/hal-02941988;Adapting project management maturity models for the Industry 4.0;Felipe Sanchez Garzon,Davy Monticolo,Eric Bonjour,Jean-Pierre Micaëlli;COMM;;2019;;;Project Management Congress: Research meets Practice. Towards Project Management 3.0;en
https://hal.archives-ouvertes.fr/hal-02492155;Innovation capabilities assessment: a sectorial view supported by an original diagnostic tool - the Potential Innovation Index;Manon Enjolras,Alice de Casanove,Laure Morel,Johan Claire;COMM;;2019;;;IAMOT - Conference Proceedings of the 28th International Conference on Management of Technology.;en
https://hal.archives-ouvertes.fr/hal-02492164;Open innovation learning : From concepts to targeted competences;Brunelle Marche,Manon Enjolras,Vincent Boly;COMM;;2019;;;IAMOT 2019 - Conference Proceedings of the 28th International Conference on Management of Technology;en
https://hal.archives-ouvertes.fr/hal-02072187;Multiobjective optimization for the design of phase III biorefinery sustainable supply chain;Andrea Teresa Espinoza Pérez,Paulo César Narváez Rincón,Mauricio Camargo,Miguel Domingo Alfaro Marchant;ART;10.1016/j.jclepro.2019.02.268;2019;Journal of Cleaner Production;Elsevier;;en
https://hal.archives-ouvertes.fr/hal-02051719;Donner forme à un réseau pour accompagner la transformation pédagogique;Raphaël Bary,Marie-Reine Boudarel;REPORT;;2019;;;;fr
https://hal.archives-ouvertes.fr/hal-02004952;Are High-Tech Companies More Competitive Than Others? An Empirical Study of Innovative and Exporting French SMEs;Manon Enjolras,Mauricio Camargo,Christophe Schmitt;ART;10.22215/timreview/1206;2019;Technology Innovation Management Review;Talent First Network;;en
https://hal.archives-ouvertes.fr/hal-01987047;Design and management of innovation laboratories: Toward a performance assessment tool;Ferney Osorio,Laurent Dupont,Mauricio Camargo,Pedro Palominos,José Ismael Peña,Miguel Alfaro;ART;10.1111/caim.12301;2019;Creativity and Innovation Management;Wiley;;en
https://hal.archives-ouvertes.fr/hal-02047441;Confiance et Technologie : Deux Dimensions de l’Innovation Ouverte et Agile appliquée à l’Énergie;Laurent Dupont,Joëlle Mastelic,Nathalie Nyffeler,Sophie Latrille,Eric Seulliet;ART;10.21494/ISTE.OP.2019.0314;2019;Technologie et innovation;ISTE OpenScience;;en
https://hal.archives-ouvertes.fr/hal-02492141;Le caractère dynamique et évolutif de la notion d’innovation : Quelles conséquences pour l’évaluation de la capacité à innover des entreprises ?;Manon Enjolras,Daniel Galvez,Johan Claire,Mauricio Camargo,Vincent Boly;ART;10.21494/ISTE.OP.2019.0317;2019;Technologie et innovation;ISTE OpenScience;;en
https://hal.archives-ouvertes.fr/hal-01973288;Agilité et conception de filière : le cas de la montre SWATCH;Brunelle Marche,Vincent Boly,Laure Morel,Frédérique Mayer,Roland Ortt;ART;10.21494/ISTE.OP.2019.0315;2019;Technologie et innovation;ISTE OpenScience;;en
https://hal.archives-ouvertes.fr/hal-02492205;Innovation Spaces in Universities: Support for Collaborative Learning;Lorena Delgado,Daniel Galvez,Alaa Hassan,Pedro Palominos,Laure Morel;ART;10.3917/jie.pr1.0064;2019;Journal of Innovation Economics & Management;De Boeck Supérieur;;en
https://hal.archives-ouvertes.fr/hal-02281238;Clustering alternative product formulations using graphs;Fernando Bernardo,Javier Arrieta-Escobar;COUV;;2019;;;;en
https://hal.archives-ouvertes.fr/hal-02281239;Integration of Consumer Preferences and Heuristic Knowledge in the Design of Formulated Products: Application to a Cosmetic Emulsion;Javier Arrieta-Escobar,Fernando Bernardo,Alvaro Orjuela,Mauricio Camargo,Laure Morel,Laurent Wendling;COUV;10.1016/B978-0-12-818634-3.50073-4;2019;;;;en
https://hal.univ-lorraine.fr/hal-02010213;Agile innovation: Creating value in uncertain environments;Laurent Dupont;ART;10.3917/jie.028.0001;2019;Journal of Innovation Economics & Management;De Boeck Supérieur;;en
https://hal.univ-lorraine.fr/hal-02010208;Communautés et agilité : la complexité de l’organisation innovante;Florence Crespin-Mazet,Karine Goglio-Primard,Claude Guittard,Laurent Dupont;ART;10.3917/inno.058.0005;2019;Innovations - Revue d’économie et de management de l'innovation;De Boeck Supérieur;;fr
https://hal.univ-lorraine.fr/hal-02010217;Living lab as a support to trust for co-creation of value: application to the consumer energy market;Laurent Dupont,Joëlle Mastelic,Nathalie Nyffeler,Sophie Latrille,Eric Seulliet;ART;10.3917/jie.028.0053;2019;Journal of Innovation Economics & Management;De Boeck Supérieur;;en
https://hal.archives-ouvertes.fr/hal-01987055;Innovation Agile : Regards Pluridisciplinaires;Laurent Dupont,Laure Morel;ART;10.21494/ISTE.OP.2019.0312;2019;Technologie et innovation;ISTE OpenScience;;fr
https://hal.archives-ouvertes.fr/hal-02155509;Spécification centrée système d’interactions physico-physiologiques de perception sensorielle;Jean-Marc Dupont,Frédérique Mayer,Fabien Bouffaron,Romain Lieber,Gérard Morel;COUV;;2019;;;;fr
https://hal.archives-ouvertes.fr/hal-02942265;Complex Systems Design & Management - CSDM 2018 Proceedings;Eric Bonjour,Daniel Krob,Luca Palladino,François Stephan;OUV;10.1007/978-3-030-04209-7;2019;;;;en
https://hal.univ-lorraine.fr/hal-01959521;A new framework to support Lean Six Sigma deployment in SMEs;Carlos Abraham Moya,Daniel Galvez,Laurent Muller,Mauricio Camargo;ART;10.1108/IJLSS-01-2018-0001;2018;International Journal of Lean Six Sigma;Emerald Publishing;;en
https://hal.univ-lorraine.fr/tel-02122781;Methodological approach for the sustainable design of structured chemical products during early design stages,Approche méthodologique pour la conception durable de produits chimiques structurés dans les premières phases de la conception;Juliana Serna Rodas;THESE;;2018;;;;en
https://hal.univ-lorraine.fr/tel-02122637;An Integrated Methodology for Chemical Product Design: Application to Cosmetic Emulsions,Une méthodologie intégrée de conception de produits chimiques : application sur des émulsions cosmétiques;Javier Arrieta-Escobar;THESE;;2018;;;;en
https://hal.univ-lorraine.fr/hal-01959528;A system dynamics approach for sustainability assessment of biodiesel production in Colombia. Baseline simulation;Sandra Bautista,Andrea Espinoza,Paulo Narvaez,Mauricio Camargo,Laure Morel;ART;10.1016/j.jclepro.2018.12.111;2018;Journal of Cleaner Production;Elsevier;;en
https://hal.archives-ouvertes.fr/hal-02942017;Use of Bayesian Network characteristics to link project management maturity and risk of project overcost;Felipe Sanchez,Davy Monticolo,Eric Bonjour,Jean-Pierre Micaëlli;COMM;10.1109/SITIS.2018.00071;2018;;;2018 14th International Conference on Signal-Image Technology & Internet-Based Systems (SITIS);en
https://tel.archives-ouvertes.fr/tel-01946850;From product design to supply chain design : Which methodologies for the upstream stages of innovation?,De la conception de produit à la conception de filière : Quelles méthodologies pour les étapes amont de l’innovation ?;Brunelle Marche;THESE;;2018;;;;en
https://hal.univ-lorraine.fr/hal-02507166;Conception et évaluation de systèmes d'innovation pour mieux mobiliser les bois en petite propriété forestière privée;Maxence Arnould,Laure Morel,Meriem Fournier;COMM;;2018;;;7 èmes journées du GDR 3544 « Sciences du bois »;fr
https://hal.univ-lorraine.fr/tel-02103198;Favoriser l’adoption des mobilités actives : proposition d’une démarche de conception centrée usage pour accompagner un territoire dans l’élaboration de ses politiques de transport,Promote adoption of active mobility : a use-centered design approach to help territory to develop transport policies;Aline Convolte;THESE;;2018;;;;fr
https://hal.archives-ouvertes.fr/hal-01954565;Spécification système d'interactions physico-physiologiques de perception sensorielle;Frédérique Mayer,Jean-Marc Dupont,Fabien Bouffaron,Romain Lieber,Gérard Morel;COMM;;2018;;;3e Journées de l’Automatique du GDR MACS, JAMACS 2018;fr
https://hal.archives-ouvertes.fr/hal-02568271;Livrable 2 - projet DHDA – Des Hommes et Des Arbres\, les racines de demain. Lauréat de l’AMI Territoire Innovant de Grande Ambition (TIGA) étude 8 La Fabrique DHDA (mise en perspective du mode Living Lab sur l’écosystème du projet);Claudine Guidat,Laurent Dupont,Mathieu Ruillet;REPORT;;2018;;;;fr
https://hal.univ-lorraine.fr/hal-01902960;Innovation Spaces: New Places for Collective Intelligence?;Laure Morel,Laurent Dupont,Marie-Reine Boudarel;COUV;;2018;;;;en
https://hal.archives-ouvertes.fr/hal-01910588;Trends in design of distributed energy systems using hydrogen as energy vector: A systematic literature review;Juan Fonseca,Mauricio Camargo,Jean-Marc Commenge,Laurent Falk,Iván Gil;ART;10.1016/j.ijhydene.2018.09.177;2018;International Journal of Hydrogen Energy;Elsevier;;en
https://hal.univ-lorraine.fr/hal-01885133;Air quality monitoring using stationary versus mobile sensing units: a case study from Lorraine\, France;Adriana-Simona Mihaita,Laurent Dupont,Olivier Cherry,Mauricio Camargo,Chen Cai;COMM;;2018;;;25th ITS World Congress 2018;en
https://hal.univ-lorraine.fr/hal-01895196;La performance au bloc opératoire : le Lean Six-sigma est-il applicable et pertinent ?;Fabienne Paillet,Auguste Rakotondranaivo,Elisabeth Gloaguen.;COMM;;2018;;;9ème conférence francophone en Gestion et Ingénierie des Systèmes Hospitaliers - GISEH;fr
https://hal.univ-lorraine.fr/hal-01895198;Le Lean au service de la performance : application de la démarche DMAIC pour la restructuration d’un service de pédiatrie;Audrey Janus,Auguste Rakotondranaivo,Laurence Bolardi;COMM;;2018;;;9ème conférence francophone en Gestion et Ingénierie des Systèmes Hospitaliers - GISEH;fr
https://hal.univ-lorraine.fr/hal-01915689;Assisting Urban Planning Practitioners Facing UHI and Related Vulnerability Issues with a Co-Designed Tool : DIACLIMAP Project;Julien Bouyer,François E. Leconte,Rémy Claverie,Adrien Ferry,Rémi Pierrat,Géraldine Bur,Dominique Hebrard,Pierre Lainé,Benjamin Piccinnini,Philippe Jary,Laëtitia Boithias,Laurent Dupont,Olivier Chery;COMM;;2018;;;10th International Conference on Urban Climate/14th Symposium on the Urban Environment;en
https://hal.archives-ouvertes.fr/hal-01868686;Incorporation of Heuristic Knowledge in the Optimal Design of Formulated Products: Application to a Cosmetic Emulsion;Javier Arrieta-Escobar,Fernando Bernardo,Alvaro Orjuela,Mauricio Camargo,Laure Morel;ART;10.1016/j.compchemeng.2018.08.032;2018;Computers and Chemical Engineering;Elsevier;;en
https://hal.univ-lorraine.fr/hal-01796613;Multi-objective traffic signal optimization using 3D mesoscopic simulation and evolutionary algorithms;Adriana Simona Mihăiţă,Laurent Dupont,Mauricio Camargo;ART;10.1016/j.simpat.2018.05.005;2018;Simulation Modelling Practice and Theory;Elsevier;;en
https://hal.archives-ouvertes.fr/hal-02568260;Livrable 1 - projet DHDA – Des Hommes et Des Arbres\, les racines de demain Lauréat de l’AMI Territoire Innovant de Grande Ambition (TIGA) étude 8 La Fabrique DHDA (mise en œuvre du mode Living Lab);Claudine Guidat,Laurent Dupont,Mathieu Ruillet;REPORT;;2018;;;;fr
https://hal.archives-ouvertes.fr/hal-01863819;3D-Printing Based Distributed Plastic Recycling: A Conceptual Model for Closed-Loop Supply Chain Design;Santander Pavlo,Cruz Fabio,Boudaoud Hakim,Camargo Mauricio;COMM;10.1109/ICE.2018.8436296;2018;;;2018 IEEE International Conference on Engineering, Technology and Innovation (ICE/ITMC);en
https://hal.univ-lorraine.fr/hal-01858370;Modelling\, Printing and Validation of Dental Dry Models for Implantology Skills Training;Ramses Albuquerque,Giovanny Arbelaez,Fabio Cruz,Mauricio Camargo,David Joseph,Nguyen Tran;COMM;10.1109/ICE.2018.8436302;2018;;;2018 IEEE International Conference on Engineering, Technology and Innovation (ICE/ITMC);en
https://hal.archives-ouvertes.fr/hal-02025863;Sustainable Management of Roadside: Towards a Research Agenda;Sandra Cecilia Sandra Cecilia,Mauricio Camargo Pardo,Laure Morel,Christophe Bachmann;COMM;10.1109/ICE.2018.8436326;2018;;;2018 IEEE International Conference on Engineering, Technology and Innovation (ICE/ITMC);en
https://hal.univ-lorraine.fr/hal-01841822;Exploring the notion of situation for responsive manufacturing systems specification issues;Frédérique Mayer;COMM;;2018;;;16th IFAC INCOM;en
https://hal.archives-ouvertes.fr/hal-01885250;Implementing of Project-Based and Skill Assessment Pedagogy in Mechatronics Course;Alaa Hassan,Valerie Rault,Patrick Truchot;COMM;10.1109/REM.2018.8421771;2018;;;2018 19th International Conference on Research and Education in Mechatronics (REM);en
https://hal.univ-lorraine.fr/hal-02789494;INNOVATION MANAGEMENT PRINCIPLES FROM ISO 50500 SERIES;Alice de Casanove,Laure Morel;COMM;;2018;;;International Association for Management of Technology IAMOT 2018;en
https://hal.univ-lorraine.fr/hal-01868811;A Universal Framework For Systemizing the Evaluation of Immersive And Collaborative Performance;Laurent Dupont,Marc Pallot,Olivier Christmann,Simon Richir;COMM;10.1145/3234253.3234306;2018;;;VRIC '18: Virtual Reality International Conference - Laval Virtual;en
https://hal.archives-ouvertes.fr/hal-01837932;Firm Readiness Level for Innovation Projects: A New Decision-Making Tool for Innovation Managers;Daniel Galvez,Manon Enjolras,Mauricio Camargo,Vincent Boly,Johan Claire;ART;10.3390/admsci8010006;2018;International Review of Administrative Sciences;SAGE Publications;;en
https://hal.univ-lorraine.fr/hal-01812007;Contribution to the objective assessment of technical skills for surgery students: An accelerometer based approach;Giovanny Arbelaez Garces,David Joseph,Mauricio Camargo,Nguyen Tran,Laure Morel;ART;10.1016/j.ergon.2017.12.002;2018;International Journal of Industrial Ergonomics;Elsevier;;en
https://hal.inria.fr/hal-01699590v2;A Semantic Approach to Manage Ideas in an Innovation Process;Pedro Chavez Barrios\, Davy Monticolo\, Sahbi Sidhom,Davy Monticolo,Sahbi Sidhom;POSTER;;2018;;;SÉMINAIRE DE L'ÉCOLE DOCTORALE RP2E : 13 Février 2018;en
https://hal.archives-ouvertes.fr/hal-02157341;Vers une meilleure compréhension du concept de design,Towards a Better Understanding of the Concept of Design,Hacia una mejor comprensión del concepto de diseño;Linda Acosta Salgado,Laure Morel,Isabelle Verilhac;ART;10.3917/proj.020.0091;2018;Projectics / Proyéctica / Projectique;De Boeck Supérieur;;fr
https://hal.archives-ouvertes.fr/hal-02322097;L’indice d’innovation potentielle (IIP) : un diagnostic de la capacité à innover au service des PME;Manon Enjolras,Mauricio Camargo,Vincent Boly;ART;10.7202/1049960ar;2018;Revue Internationale PME;Editions Management et Société (EMS);;fr
https://hal.univ-lorraine.fr/hal-02366024;Enjeux et défis d’une ingénieirie entrepreneuriale;Christophe Schmitt,Laure Morel;COUV;;2018;;;;fr
https://hal.archives-ouvertes.fr/hal-01868707;Predicting Air Quality by Integrating a Mesoscopic Traffic Simulation Model and Simplified Air Pollutant Estimation Models;Adriana Simona Mihăiţă,Mirian Benavides Ortiz,Mauricio Camargo,Chen Cai;ART;10.1007/s13177-018-0160-z;2018;International Journal of Intelligent Transportation Systems Research;Springer Verlag;;en
https://hal.archives-ouvertes.fr/hal-02984917;Definition and verification of functional safety concepts for the definition of safe logical architectures;Pierre Mauborgne,Eric Bonjour,Christophe Perrard,Samuel Deniaud,Eric Levrat,Jean-Pierre Micaëlli,Dominique Loise;COMM;;2017;;;8th International Conference on Complex Systems Design & Management, CSD&M’17;en
https://tel.archives-ouvertes.fr/tel-01816267;Biorefinery supply chain design optimization under sustainability dimensions,Optimisation de la conception de la chaîne d’approvisionnement pour une bioraffinerie durable;Andrea Teresa Espinoza Pérez;THESE;;2017;;;;en
https://hal.inria.fr/hal-01713737;An Organizational Model to Understand the Creativity Workshop;Pedro Barrios,Davy Monticolo,Sahbi Sidhom,Alex Gabriel;COMM;10.1109/SITIS.2017.87;2017;;;SITIS - The 13th International Conference on SIGNAL IMAGE TECHNOLOGY & INTERNET BASED SYSTEMS;en
https://hal.univ-lorraine.fr/hal-01629305;Modeling and optimization of a photocatalytic process: Degradation of endocrine disruptor compounds by Ag/ZnO;Alma Berenice Jasso-Salcedo,Sandrine Hoppe,Fernand Pla,Vladimir Alonso Escobar-Barrios,Mauricio Camargo,Dimitrios Meimaroglou;ART;10.1016/j.cherd.2017.10.012;2017;Chemical Engineering Research and Design;Elsevier;;en
https://hal.archives-ouvertes.fr/hal-01666762;The first ROBAFIS-ROBSE international student competition in Systems Engineering;Jean-Claude Tucoulou,Eric Bonjour,David Gouyon;ART;10.1002/inst.12181;2017;INSIGHT - International Council on Systems Engineering (INCOSE);Wiley;;en
https://hal.archives-ouvertes.fr/hal-01837933;Overview of phenomena occurring in supply chains during the emergence of innovation;Brunelle Marche,Vincent Boly,Laure Morel,Mauricio Camargo,J. Roland Ortt;ART;10.1080/16258312.2017.1354649;2017;Supply Chain Forum: An International Journal;Kedge Business School;;en
https://hal.archives-ouvertes.fr/hal-02283881;Exploring Mixed-methods Instruments for Performance Evaluation of Immersive Collaborative Environments;Laurent Dupont,Marc Pallot,Laure Morel,Olivier Christmann,Vincent Boly,Simon Richir;ART;;2017;International Journal of Virtual Reality;IPI Press;;en
https://hal.archives-ouvertes.fr/hal-01629449;Polymer recycling in an open-source additive manufacturing context: Mechanical issues;Fabio Cruz Sanchez,Hakim Boudaoud,Sandrine Hoppe,Mauricio Camargo;ART;10.1016/j.addma.2017.05.013;2017;Additive Manufacturing;Elsevier;;en
https://hal.univ-lorraine.fr/hal-01838432;Modeling and design optimization of a robot gripper mechanism;Alaa Hassan,Mouhammad Abomoharam;ART;10.1016/j.rcim.2016.12.012;2017;Robotics and Computer-Integrated Manufacturing;Elsevier;;en
https://hal.archives-ouvertes.fr/hal-01837935;A new fuzzy logic-based metric to measure lean warehousing performance;Nicolás Buonamico,Laurent Muller,Mauricio Camargo;ART;10.1080/16258312.2017.1293466;2017;Supply Chain Forum: An International Journal;Kedge Business School;;en
https://hal.archives-ouvertes.fr/hal-02518997;Le concept du Green Fablab: une approche distribuée pour le recyclage de polymères en circuit-court dans le cadre de la fabrication additive open-source;Fabio Cruz,Hakim Boudaoud,Sandrine Hoppe,Mauricio Camargo;COMM;;2017;;;15ème Congrès de la Société Française de Génie des Procédés (SFGP);en
https://hal.archives-ouvertes.fr/hal-01567444;The determination of functional safety concept coupled with the definition of functional architecture: A framework of analysis from the automotive industry;Pierre Mauborgne,Samuel Deniaud,Eric Levrat,Eric Bonjour,Jean-Pierre Micaelli,Dominique Loise;COMM;;2017;;;20th IFAC World Congress, IFAC 2017;en
https://hal.univ-lorraine.fr/hal-01723993;"Livrable Final "" Linky by Makers "" Productions scientifiques et techniques - Période Janvier 2017 à Juin 2017";Laurent Dupont,Alex Gabriel,Mauricio Camargo;REPORT;;2017;;;;fr
https://hal.archives-ouvertes.fr/hal-01891094;L’optimisation multi-échelle appliquée a l’analyse prospective d’une filière produit;Brunelle Marche,Vincent Boly,Frédérique Mayer,Laure Morel;COMM;;2017;;;16ème Congrès de la Société Française de Génie des Procédés;fr
https://hal.univ-lorraine.fr/hal-01723983;A review of methods for modelling shared decision-making process in a smart city living lab;Tran Thi Hoang Giang,Mauricio Camargo,Laurent Dupont,Frédérique Mayer;COMM;10.1109/ICE.2017.8279888;2017;;;2017 International Conference on Engineering, Technology and Innovation (ICE/ITMC);en
https://hal.archives-ouvertes.fr/hal-01582548;Collaborative Innovation Projects Engaging open communities: a Case Study on Emerging Challenges;Laurent Dupont,Alex Gabriel,Mauricio Camargo,Claudine Guidat;COMM;10.1109/ICE.2017.8280002;2017;;;23rd ICE/IEEE International Conference on Technology, Management and Innovation;en
https://hal.univ-lorraine.fr/hal-01723984;“Smarterized” urban project process with living lab approach: Exploration through a case study;Jonathan Lacroix,Laurent Dupont,Claudine Guidat;COMM;10.1109/ICE.2017.8279939;2017;;;2017 International Conference on Engineering, Technology and Innovation (ICE/ITMC);en
https://hal.archives-ouvertes.fr/hal-01838119;Innovative product's supply chain: How to model it;Brunelle Marche,Vincent Boly,Laure Morel,Frédérique Mayer,J. Roland Ortt;COMM;10.1109/ICE.2017.8279887;2017;;;2017 International Conference on Engineering, Technology and Innovation (ICE/ITMC);en
https://hal.univ-lorraine.fr/hal-01736697;Un FabLab\, ça sert à quoi ? The Conversation;Laurent Dupont,Laure Morel,Pascal Lhoste;OTHER;;2017;;;;fr
https://hal.univ-lorraine.fr/tel-01759585;Intégration du point de vue de l'usager et du citoyen dans le processus d'innovation,How to integrate users and citizens in innovation process ?;Julien Hubert;THESE;;2017;;;;fr
https://hal.univ-lorraine.fr/hal-01624970;ISO 50500 series innovation management: overview and potential usages in organizations;Alice de Casanove,Laure Morel,Stéphane Negny;COMM;;2017;;;ISPIM;en
https://hal.univ-lorraine.fr/hal-02365888;SMEs facing the challenge of innovation and export: Proposal for a joint assessment tool\, the Potential Export and Innovation Index (PE2I);Manon Enjolras,Mauricio Camargo,Christophe Schmitt;COMM;;2017;;;Conference Proceedings of the 26th International Conference on Management of Technology;en
https://hal.archives-ouvertes.fr/hal-02492167;SMEs facing the challenge of innovation and export: Proposal for a joint assessment tool\, the Potential Export and Innovation Index (PE2I).;Manon Enjolras,Mauricio Camargo,Christophe Schmitt;COMM;;2017;;;IAMOT 2017. Conference Proceedings of the 26th International Conference on Management of Technology;en
https://hal.univ-lorraine.fr/hal-01723991;Living Lab\, Fab Lab : lieux ouverts de la culture scientifique.;Laurent Dupont;COMM;;2017;;;Journées internationales de la culture scientifique (Science & You) - ACFAS;fr
https://hal.archives-ouvertes.fr/hal-01673542;Prise en compte des problèmes inter-métiers lors de l’introduction d’une innovation liée à l’industrie 4.0 : intégration à un processus de conception d’offre,Consideration of inter-trades issues when introducing an innovation related to Industry 4.0: integration to a specification and offer design process;Emilie Bonnetto,Bernard Yannou,Gwenola Yannou-Le Bris,Vincent Boly;COMM;;2017;;;Congrès International de Géne Industriel (CIGI);fr
https://hal.archives-ouvertes.fr/hal-01891048;Integration of technology management\, prospective and innovation strategy: the case of a luminaire manufacturer;Brunelle Marche,Vincent Boly,Mauricio Camargo;COMM;;2017;;;IAMOT;en
https://hal-rennes-sb.archives-ouvertes.fr/hal-02004389;The effect of learning approaches on the utilization of external knowledge in strategic alliances;Hamid Mazloomi Khamseh,Dominique Jolly,Laure Morel;ART;10.1016/j.indmarman.2016.12.004;2017;Industrial Marketing Management;Elsevier;;en
https://hal.archives-ouvertes.fr/hal-02568255;Livrable 2B du projet DIACLIMAP (DIAgnostic CLImatique des quartiers urbains pour une Méthodologie d'Assistance à la Planification),Deliverable 2B of the DIACLIMAP project (CLImatic DIAgnostic of Urban Districts for a Planning Assistance Methodology);Laurent Dupont,Olivier Chery;REPORT;;2017;;;;fr
https://hal.archives-ouvertes.fr/hal-02519011;The green Fablab concept: a local and distributed recycling approach for open source additive manufacturing;Fabio Cruz Sanchez,Hakim Boudaoud,Sandrine Hoppe,Mauricio Camargo;COMM;;2017;;;2nd Journée de l’innovation Abbé Grégoire (JAG);en
https://hal.univ-lorraine.fr/hal-01723989;ICE Breaking: Disentangling Factors Affecting the Performance of Immersive Co-creation Environments;Marc Pallot,Laurent Dupont,Olivier Christmann,Vincent Boly,Laure Morel,Richir Simon;COMM;;2017;;;Laval Virtual - Virtual Reality International Congress (VRIC) '17;en
https://hal.univ-lorraine.fr/hal-01736700;LF2L : une invitation à innover;l'équipe Thi'Journal,Laurent Dupont;OTHER;;2017;;;;fr
https://hal.archives-ouvertes.fr/hal-01838483;Key challenges and requirements for sustainable and industrialized biorefinery supply chain design and management: A bibliographic analysis;Andrea Teresa Espinoza Pérez,Mauricio Camargo,Paulo César Narváez Rincón,Miguel Alfaro Marchant;ART;10.1016/j.rser.2016.11.084;2017;Renewable and Sustainable Energy Reviews;Elsevier;;en
https://hal.univ-lorraine.fr/hal-01723992;Retour d'expérience sur la co-conception de l'éco-quartier urbain Nancy Grand Cœur;Laurent Dupont;COMM;;2017;;;"Séminaire LQE - Journée ""Urbanisme durable - Animer, concerter, faire participer""";fr
https://hal.archives-ouvertes.fr/hal-02017276;An Integrated Methodology for Emulsified Cosmetic Product Formulation Using Integer Programming with Logical Constraints;Javier Arrieta-Escobar,Fernando Bernardo,Alvaro Orjuela,Mauricio Camargo,Laure Morel;COUV;10.1016/B978-0-444-63965-3.50166-5;2017;;;;en
https://hal.univ-lorraine.fr/hal-02537774;Ingénierie entrepreneuriale : regards croisés pour innover et créer de la valeur;Laure Morel,Christophe Schmitt;DOUV;;2017;;;;fr
https://hal.archives-ouvertes.fr/hal-01838698;Sustainability assessment to support governmental biodiesel policy in Colombia: A system dynamics model;A. Espinoza,S. Bautista,P.C. Narváez,M. Alfaro,M. Camargo;ART;10.1016/j.jclepro.2016.09.168;2017;Journal of Cleaner Production;Elsevier;;en
https://tel.archives-ouvertes.fr/tel-01736435;Analyse des mécanismes de captation et d’exploitation des connaissances pour accompagner l’innovation,Analysis of knowledge capture and exploitation mechanisms to support innovation;Hélène Gitchenko;THESE;;2016;;;;fr
https://tel.archives-ouvertes.fr/tel-01668459;Methodological proposition to evaluate polymer recycling in open-source additive manufacturing contexts,Proposition d'une approche méthodologique permettant d'évaluer le recyclage des polymères dans un contexte de fabrication additive open-source;Fabio Alberto Cruz Sanchez;THESE;;2016;;;;en
https://tel.archives-ouvertes.fr/tel-01529769;Gestion des connaissances lors d’un processus collaboratif de créativité,Knowledge management during a collaborative creative process;Alex Gabriel;THESE;;2016;;;;fr
https://tel.archives-ouvertes.fr/tel-01495036;Méthodologie d’analyse de la capacité à innover et à exporter des PME manufacturières et de procédés : identification et caractérisation d'un espace commun en vue de l'élaboration d'un outil multicritères d'aide à la décision,Methodology for analyzing the innovation and export capabilities of SMEs working in the manufacturing and process sector : Identification and characterization of a conceptual common space with a view to building a multicriteria decision-making tool;Manon Enjolras;THESE;;2016;;;;fr
https://hal.univ-lorraine.fr/hal-02365971;Le lien entre innovation et exportation en PME\, Proposition d’un nouveau paradigme pour comprendre cette relation;Manon Enjolras,Christophe Schmitt,Mauricio Camargo;COMM;;2016;;;13e Congrès international francophone en entrepreneuriat et PME (CIFEPME);fr
https://hal.archives-ouvertes.fr/hal-02492172;Le lien entre innovation et exportation en PME : Proposition d’un nouveau paradigme pour comprendre cette relation.;Manon Enjolras,Christophe Schmitt,Mauricio Camargo;COMM;;2016;;;CIFEPME 2016;en
https://hal-univ-lyon3.archives-ouvertes.fr/hal-01386630;Frugal Innovation or Frugal Renovation: How can Western Designers adopt Frugal Engineering?;Jean-Pierre Micaelli,Joëlle Forest,Joelle Forest,Eric Bonjour,Dominique Loise;ART;10.3917/jie.021.0039;2016;Journal of Innovation Economics & Management;De Boeck Supérieur;;en
https://hal.univ-lorraine.fr/hal-01522500;Biodiesel-triple bottom line (TBL): A new hierarchical sustainability assessment framework of principles criteria & indicators (PC&I) for biodiesel production. Part II-validation;Sandra Bautista,M. Enjolras,P. Narvaez,Mauricio Camargo,Laure Morel;ART;10.1016/j.ecolind.2016.04.046;2016;Ecological Indicators;Elsevier;;en
https://hal.archives-ouvertes.fr/hal-01839033;Multi-criteria decision analysis for the selection of sustainable chemical process routes during early design stages;Juliana Serna,Esneider Díaz Martinez,Paulo Narváez Rincón,Mauricio Camargo,Daniel Galvez,Elvaro Orjuela;ART;10.1016/j.cherd.2016.07.001;2016;Chemical Engineering Research and Design;Elsevier;;en
https://hal.univ-lorraine.fr/hal-01522503;Creativity support systems: A systematic mapping study;Alex Gabriel,Davy Monticolo,Mauricio Camargo,Mario Bourgault;ART;10.1016/j.tsc.2016.05.009;2016;Thinking Skills and Creativity;Elsevier;;en
https://hal.univ-lorraine.fr/hal-01736667;“Empowering everyone to innovate”\, Sharing vision(s) and practices of how to achieve it through collaboratories.;Brigitte Trousse,Arthur Serra,Virginie Zingraff,Laurent Dupont;COMM;;2016;;;Open Living Labs Days;en
https://hal.archives-ouvertes.fr/hal-01321071;Operational and system hazard analysis in a safe systems requirement engineering process – Application to automotive industry;Pierre Mauborgne,Samuel Deniaud,Eric Levrat,Eric Bonjour,Jean-Pierre Micaëlli,Dominique Loise;ART;10.1016/j.ssci.2016.04.011;2016;Safety Science;Elsevier;;en
https://hal.univ-lorraine.fr/hal-01522504;Sensitivity analysis of the damping properties of viscoelastic composite structures according to the layers thicknesses;Komlan Akoussan,Hakim Boudaoud,El Mostafa Daya,Yao Koutsawa,Erasmo Carrera;ART;10.1016/j.compstruct.2016.03.061;2016;Composite Structures;Elsevier;;en
https://hal.univ-lorraine.fr/hal-01523218;New product acceptability evaluation and improvement model with knowledge reuse**This work is financed by a grant from the French Ministry of Higher Education and Research (Ministere de l’Enseignement superieur et de 1a Recherche\, MESR).;Giovanny Arbelaez Garces,Eric Bonjour,Auguste Rakotondranaivo;COMM;10.1016/j.ifacol.2016.07.639;2016;;;8th IFAC Conference on Manufacturing Modeling, Management & Control;en
https://hal.univ-lorraine.fr/hal-01736671;L’innovation numérique\, facteur de développement des territoires ruraux;Laurent Dupont;COMM;;2016;;;Défis numériques des territoires ruraux. Infrastructures et usages. Regards croisés en Grande Région;fr
https://hal.univ-lorraine.fr/hal-02083876;Understanding Museum visitors' experience through an Eye-tracking study and a Living Lab approach;Paola Patricia Parra Morantes,Sonia Andrea Peñarete,Giovanny Arbelaez Garces,Mauricio Camargo,Laurent Dupont;COMM;10.1109/ICE/ITMC39735.2016.9025900;2016;;;22nd ICE/IEEE International Technology Management Conference;en
https://hal.archives-ouvertes.fr/hal-02510621;Use as essential factor for Technology Adoption: Case study of electric vehicle’s uses in French regional Ecosystem;Julien Hubert,Laurent Dupont,Claudine Guidat;COMM;10.1109/ICE/ITMC39735.2016.9026122;2016;;;2016 International Conference on Engineering, Technology and Innovation/IEEE lnternational Technology Management Conference (ICE/ITMC};en
https://hal.archives-ouvertes.fr/hal-01331887;Exploring the Appropriateness of Different Immersive Environments in the Context of an Innovation Process for Smart Cities;Laurent Dupont,Laure Morel,Marc Pallot;COMM;10.1109/ICE/ITMC39735.2016.9025965;2016;;;22nd ICE/IEEE International Technology Management Conference;en
https://hal.univ-lorraine.fr/hal-02918803;Dealing with acceptability of innovative solutions for active travels in urban environment : Proposition of a sensory-emotional approach as a cornerstone of user experience design;Aline Convolte,Frédérique Mayer,Claudine Guidat,Vuillemin Anne;COMM;10.1109/ICE/ITMC39735.2016.9026153;2016;;;2016 International Conference on Engineering, Technology and Innovation/IEEE lnternational Technology Management Conference (ICE/ITMC};en
https://hal.archives-ouvertes.fr/hal-01891266;Observing innovation impacts on supply chain: the case of the Swatch;Brunelle Marche,Vincent Boly,J. Ortt;COMM;;2016;;;International Conference on Engineering, Technology & Innovation;en
https://hal.univ-lorraine.fr/hal-01736701;A la une : Nancy Grand Cœur se distingue par son approche de la mobilité;Malika Dati,Frédéric Chastanier,Laurent Dupont;OTHER;;2016;Transflash;Cerema;;fr
https://hal.univ-lorraine.fr/tel-01752264;Intégration des préférences des parties prenantes et amélioration de l'acceptabilité lors du processus de co-conception : application au système de santé,Integration of stakeholders' preferences in the co-design process: application in the healthcare system;Giovanny Alberto Arbelaez Garces;THESE;;2016;;;;fr
https://hal.archives-ouvertes.fr/hal-01448844;A categorization of customer concerns for an OT front-end of innovation process in an IT/OT convergence context;Emilie Bonnetto,Bernard Yannou,Gwenola Bertoluci,Vincent Boly,Jorge Alvarez;COMM;;2016;;;International Design Conference;en
https://hal.archives-ouvertes.fr/hal-02492178;SMEs’ Innovation and Export Capabilities: Toward a common Conceptual Framework;Manon Enjolras,Mauricio Camargo,Christophe Schmitt;COMM;;2016;;;IAMOT 2016. Conference Proceedings of the 25th International Conference on Management of Technology;en
https://tel.archives-ouvertes.fr/tel-01497964;Vers une ingénierie de systèmes sûrs de fonctionnement basée sur les modèles en conception innovante,Towards a Safe Systems Engineering;Pierre Mauborgne;THESE;;2016;;;;fr
https://hal.univ-lorraine.fr/hal-01522502;An acceptability estimation and analysis methodology based on Bayesian networks;Giovanny Arbelaez Garces,Auguste Rakotondranaivo,Eric Bonjour;ART;10.1016/j.ergon.2016.02.005;2016;International Journal of Industrial Ergonomics;Elsevier;;en
https://hal.archives-ouvertes.fr/hal-01891016;OBSERVING NEW PRODUCT IMPACTS ON SECTORS VALUE CHAINS: THE CASE OF A FRENCH ELECTRONIC SME;Brunelle Marche,Vincent Boly,Roland Ortt;COMM;;2016;;;IAMOT;en
https://hal.archives-ouvertes.fr/hal-02378279;De l’expérience aux compétences en langues : le rôle des écrits réflexifs dans le processus d’autonomisation des étudiants;Maud Ciekanski,Sophie Bailly,Anne Chateau,Peggy Candas,R. Bary,M. Rees;COUV;;2016;;;;fr
https://hal.univ-lorraine.fr/hal-02365821;SMEs’ Innovation and Export Capabilities: Identification and Characterization of a Common Space Using Data Spatialization;Manon Enjolras,Mauricio Camargo,Christophe Schmitt;ART;10.4067/S0718-27242016000200006;2016;Journal of Technology Management and Innovation;Universidad Alberto Hurtado;;en
https://hal.univ-lorraine.fr/hal-02537778;La paradigme de la complexité pour aborder le lien entre innovation et exportation en PME;Manon Enjolras,Christophe Schmitt,M Camargo;COUV;;2016;;;;fr
https://hal.archives-ouvertes.fr/hal-01332552;Cost and efficiency assessment during deep energy refurbishment strategies: A case-study-based methodology;Lamia Brissel,Laurent Dupont,Laure Morel,Claudine Guidat;ART;;2016;International journal of energy, environment, economics;Nova Science Publishers;;en
https://hal.univ-lorraine.fr/hal-01522499;Biodiesel-TBL plus : A new hierarchical sustainability assessment framework of PC&I for biodiesel production - Part I;Sandra Bautista,P. Narvaez,Mauricio Camargo,Olivier Chery,Laure Morel;ART;10.1016/j.ecolind.2015.06.020;2016;Ecological Indicators;Elsevier;;en
https://hal.univ-lorraine.fr/hal-01959506;Complex Systems Design & Management;Gérard Auvray,Jean-Claude Bocquet,Eric Bonjour,Daniel Krob;DOUV;;2016;;;Sixth International Conference on Complex Systems Design & Management, CSD&M 2015;en
https://hal.univ-lorraine.fr/hal-01960097;Fab Labs : L’usager Innovateur;Laure Morel,Serge Le Roux;DOUV;;2016;;;;fr
https://hal.univ-lorraine.fr/hal-01960316;De la connaissance de soi à la compréhension de l'autre;Raphaël Bary,Martine Tani;COUV;;2016;;;;fr
https://hal.univ-lorraine.fr/hal-01960108;Ingénierie de l’innovation;Vincent Boly,Mauricio Camargo,Laure Morel;DOUV;;2016;;;;fr
https://hal.univ-lorraine.fr/hal-01960303;Démocratisation de la fabrication additive : impression 3D et FabLabs;Hakim Boudaoud,Vincent Boly;COUV;;2016;;;;fr
https://hal.univ-lorraine.fr/hal-01522501;Improving users' product acceptability: an approach based on Bayesian networks and a simulated annealing algorithm;Giovanny Arbelaez Garces,Auguste Rakotondranaivo,Eric Bonjour;ART;10.1080/00207543.2016.1156183;2016;International Journal of Production Research;Taylor & Francis;;en
https://hal.archives-ouvertes.fr/hal-01891121;From descriptive customer data to need definition: a formalised approach;Vincent Boly,Laure Morel,Mauricio Camargo,Helmi Ben Rejeb;ART;10.1504/IJPD.2016.10004476;2016;International Journal of Product Development;Inderscience;;en
https://hal.univ-lorraine.fr/hal-01522693;Improving the idea selection process in creative workshops through contextualisation;Alex Gabriel,Mauricio Camargo,Davy Monticolo,Vincent Boly,Mario Bourgault;ART;10.1016/j.jclepro.2016.05.039;2016;Journal of Cleaner Production;Elsevier;;en
